																					
id	name	sumary	desciption	rating	reviewCount	popularity	tags	openTime	closeTime	priceVND	houseNumber	street	   ward	district	city	Tọa độ	URL	phone	Img name	Img url	dwell
1	Bún Thịt Nướng Kiều Bảo 	Thiên đường bún thịt nướng bình dân đông khách nhất Sài Gòn.	Kiều Bảo quán ăn với những người có niềm đam mê với món bún thịt nướng với chiếc chả giò siêu too.	4.2	515	100	Gia đình, Món sợi  	11:00	21:00	35000	339/12	Tô Hiến Thành 	phường 12	10	Hồ Chí Minh	10.776745298702297, 106.66541490929765	https://www.google.com/maps/place/B%C3%BAn+th%E1%BB%8Bt+n%C6%B0%E1%BB%9Bng+Ki%E1%BB%81u+B%E1%BA%A3o+CN+T%C3%B4+Hi%E1%BA%BFn+Th%C3%A0nh./@10.7764502,106.6628722,17z/data=!3m1!4b1!4m14!1m7!3m6!1s0x31752f96eb59614b:0xefeb5492120a03f2!2zQsO6biB0aOG7i3Qgbsaw4bubbmcgS2nhu4F1IELhuqNvIENOIFTDtCBIaeG6v24gVGjDoG5oLg!8m2!3d10.7764502!4d106.6654471!16s%2Fg%2F11pkbzwk12!3m5!1s0x31752f96eb59614b:0xefeb5492120a03f2!8m2!3d10.7764502!4d106.6654471!16s%2Fg%2F11pkbzwk12?entry=ttu&g_ep=EgoyMDI1MTEyMy4xIKXMDSoASAFQAw%3D%3D	0933849894	kieu_bao.png	https://lh3.googleusercontent.com/gps-cs-s/AG0ilSxJaZg73RxxtsCdYnshdgssSGfrlnkbEvESseeNBhc0D8Au6adpXNsAJNwGqmRwzQbB9A0FezcemmGKScOaSmjHg-eAqyEXKRvvNd17jrlD-lRrvaYnWMwTci7vjopnjJpACgW3-sud0YBs=w408-h544-k-no	20
2	Bistro Kingdom	Không gian bia tươi và ẩm thực Âu - Á sôi động.	Với không gian như Đà Lạt thu nhỏ giữa lòng Sài Gòn, các món ăn đa dạng từ Bắc Trung Nam nơi mà bạn nên đến để trải nghiệm ẩm thực phong phú của mọi miền đất nước 	4.7	1845	100	Gia đình, Bạn bè, Hải sản, Cơm 	6:30	22:00	120000	334	Tô Hiến Thành	phường  Diên Hồng 	10	Hồ Chí Minh	10.776037204705226, 106.66292946881703	https://www.google.com/maps/place/Cafe+Bistro+Kingdom/@10.7759002,106.6602902,17z/data=!3m1!4b1!4m6!3m5!1s0x31752f004ddb9487:0xd3b67242d8a63227!8m2!3d10.7759002!4d106.6628651!16s%2Fg%2F11vkbdhf2n?entry=ttu&g_ep=EgoyMDI1MTEyMy4xIKXMDSoASAFQAw%3D%3D	0916043564	bistrokingdom.png	https://lh3.googleusercontent.com/gps-cs-s/AG0ilSwXA-MHXCYcMp-u9jFX2YXhJfwBU0z6_-Ace3f7gA1uYj_LuVNT15I2p4CHcpGxqcpXDs7kwb6J5iJEOccZdNZsqUh1OrLlifYzXKpK9XnNp-L8ULome_XgghZlWlCDQaN1Lw1I2Q=w408-h306-k-no	30
3	Cơm Tấm Ba Ghiền 	Huyền thoại cơm tấm sườn bì chả khổng lồ nức tiếng.	Với món cơm tấm đặt trưng của Sài Gòn mang hương vị nhộn nhịp, năng động của một thành phố tràn đầy năng lượng thu hút thực khách từ nhiều nơi đến trải nghiệm 	4.3	748	70	Gia đình, Bạn bè, Hải sản, Cơm 	7:30	20:30	150000	84	Đặng Văn Ngữ 	phường 10	Phú Nhuận 	Hồ Chí Minh	10.794642430167743, 106.66939208231076	https://www.google.com/maps/place/C%C6%A1m+T%E1%BA%A5m+Ba+Ghi%E1%BB%81n/@10.7944422,106.666785,17z/data=!3m1!4b1!4m6!3m5!1s0x3175290067a6d055:0xb4552382d543deb2!8m2!3d10.7944422!4d106.6693599!16s%2Fg%2F11yc67gmbz?entry=ttu&g_ep=EgoyMDI1MTEyMy4xIKXMDSoASAFQAw%3D%3D	02838461073	ba_ghien.png	https://lh3.googleusercontent.com/gps-cs-s/AG0ilSwkchBcxT3UoVhplXgUMTPVGwCdIA4BdD_N2eIGtnnT9GYAG5sf0ox086vM47Tr1GNZddNaNY1OdyzFwVovvS1tEiwSOp5f7_MjTEj7isOgA4lOYVGZfn_93LLI-wmzvj88pHYTCIQFkWs=w408-h306-k-no	20
4	Nhà Hàng Cơm Niêu Việt Nam 	Hương vị cơm niêu đập đậm đà bản sắc dân tộc.	Nhà hàng với phong cách xưa với các món ăn đậm chất miền nam cho ta như trở về với tuổi thơ khi còn nhỏ với hương khói bếp của mẹ thoang thoảng trong không gian ấm cúng.	4.4	608	40	Gia đình, Bạn bè, Hải sản, Cơm 	10:00	22:00	200000	234	Cộng Hoà 	phường 12	Tân Bình 	Hồ Chí Minh	10.802260468099288, 106.65008003780898	https://www.google.com/maps/place/Nh%C3%A0+H%C3%A0ng+C%C6%A1m+Ni%C3%AAu+Vi%E1%BB%87t+Nam/@10.8019967,106.6474666,17z/data=!3m1!4b1!4m6!3m5!1s0x31752948636c2fc5:0x358f08ee263f7a4f!8m2!3d10.8019967!4d106.6500415!16s%2Fg%2F11gc_zz0k9?entry=ttu&g_ep=EgoyMDI1MTEyMy4xIKXMDSoASAFQAw%3D%3D	0941855234	com_nieu_VN.png	https://lh3.googleusercontent.com/p/AF1QipMlRNuFndbN0IskNUtGBlSatJwUhedpMdRWfuI6=w408-h306-k-no	40
5	Cơm Tấm Phúc Lộc Thọ 	Chuỗi cơm tấm văn phòng phủ sóng rộng rãi và tiện lợi.	Quán ăn với hương vị thơm ngon sườn nướng đậm đà đầy đủ hương vị từ mặn cay ngọt kết hợp hài hoà với nhau tạo nên hương vị khó quên.	4.5	1600	80	Gia đình, Bạn bè, Hải sản, Cơm 	6:00	22:00	100000	144	Lý Thường Kiệt 	phường 14	10	Hồ Chí Minh	10.764294320949976, 106.66079980290874	https://www.google.com/maps/place/C%C6%A1m+T%E1%BA%A5m+Ph%C3%BAc+L%E1%BB%99c+Th%E1%BB%8D+-+L%C3%BD+Th%C6%B0%E1%BB%9Dng+Ki%E1%BB%87t/@10.7641046,106.6575168,17z/data=!3m1!4b1!4m6!3m5!1s0x31752f2cd11d720b:0x7c2a7e600142224a!8m2!3d10.7641046!4d106.6600917!16s%2Fg%2F11jhsjz0y4?entry=ttu&g_ep=EgoyMDI1MTEyMy4xIKXMDSoASAFQAw%3D%3D	0908209569	com_tam_phuc_loc_tho.png	https://lh3.googleusercontent.com/gps-cs-s/AG0ilSwDzUvgcnZ4mhz9UNfezL6FkKh9YifeDjy9G1JbSDonIHKyCeBJPtj1k-J7NcEEwFKzhC7dJCN5VtYC1DS07R5tad5RYId_G79xbjFppOCVRGeCW6dcGKzvp2MkcUvKE-w-mtWd=w408-h306-k-no	20
6	Bánh Canh Cua Hoàng Lan	Thương hiệu bánh canh cua lâu đời đắt xắt ra miếng.	Hương vị tô bánh canh truyền thống với nước lèo đậm đà nóng ấm cho người ăn láy lại nguòn năng lượng cho cả một ngày dài mệt mỏi 	4.2	1214	30	Món nước, Bạn bè, Gia đình	10:00	21:00	70000	486/3	Vĩnh Viễn 	phường Diên Hồng 	10	Hồ Chí Minh	10.763596101551256, 106.66508094209559	https://www.google.com/maps/place/B%C3%A1nh+Canh+Cua+Ho%C3%A0ng+Lan/@10.7633853,106.6625275,17z/data=!3m1!4b1!4m6!3m5!1s0x31752ee5f00feb9f:0xb5daadabed9f2889!8m2!3d10.7633853!4d106.6651024!16s%2Fg%2F1vzf_rbp?entry=ttu&g_ep=EgoyMDI1MTEyMy4xIKXMDSoASAFQAw%3D%3D	02838532836	banh_canh_cua_hoang_lan.png	https://lh3.googleusercontent.com/gps-cs-s/AG0ilSzYfbSgwq6d1tCaq42ibAJdzPWNNxRaG9LCRV9wXTJC74VfESytHEFoI3bsOC8ye5Prjta7Q6hlm9fWODe-W71n17AZlkDvvGKUoz0PYnwDp-lFDHyXziRErJb6EYsHA3O-4YIf2g=w408-h290-k-no	30
7	Quán Đô Bất Tử 	Địa điểm ăn uống bình dân với thực đơn đa dạng.	Quán ăn năng động phù hợp với những buổi tiệc  họp mặt gia đình, bạn bè cùng nhau tạo nên kỉ niệm 	4.2	162	60	Món nước, Bạn bè, Gia đình	10:00	1:30	300000	875	Hoàng Sa	phường 9 	3	Hồ Chí Minh	10.785061250550932, 106.6762359151085	Quán đô bất tử 	0937999973	quan_do_bat_tu.png	https://i.pinimg.com/1200x/ef/8a/9d/ef8a9df54500617f9a066338f456e868.jpg	60
8	GÓC HUẾ	Tinh hoa ẩm thực cố đô giữa lòng Sài Gòn.	Quán ăn với hương vị đặt trưng của vùng đất Huế tạo cho người con quê nhà và thực khách niềm đam mê với ẩm thực Huế khi mới vừa thử lầm đầu.	4.5	1020	50	Món nước, Bạn bè, Gia đình	6:30	21:30	200000	41	Kỳ Đông 	phường 9 	3	Hồ Chí Minh	10.780710008020748, 106.68110751141168	https://maps.app.goo.gl/HUSn7QyT37FjTFx18	0909182628	goc_hue.png	https://i.pinimg.com/736x/02/c8/b7/02c8b7d52e1e3c0917988536d1672c29.jpg	30
9	Bánh Mì Huynh Hoa 	Bánh mì ô môi đắt đỏ và nhiều thịt nhất thành phố.	Quán bánh mì lâu đời và nổi tiếng nhất nhì Sài Gòn với những tính đồ đam mê với món ăn truyền thống của Việt Nam.	4.1	6475	100	Bánh mì , Bạn bè, Gia đình	6:00	22:00	100000	26	Lê Thị Riêng	phường Phạm Ngũ lão 	1	Hồ Chí Minh	10.771701765865494, 106.69246116881682	https://maps.app.goo.gl/C5NNdcate5BKwo2C8	0338044646	banh_mi_quynh_hoa.png	https://i.pinimg.com/736x/c3/34/2b/c3342b724ad0e97464ca2caff2bb73bb.jpg	10
10	Hủ Tiếu Mực Ông Già 	Hương vị hủ tiếu mực tươi ngon nước dùng ngọt thanh.	Quán ăn chính gốc với món hủ tiếu mực nổi tiếng với ngồn hải sản tươi sống thơm ngon 	4.4	533	50	Món nước, Bạn bè, Gia đình	7:00	9:00	80000	62/3	Tôn Thất Thiệp 	phường Bến Nghé 	1	Hồ Chí Minh	10.773808268808711, 106.70238029340102	https://maps.app.goo.gl/mbMHUPuk8Cdrvt9c8	0909608614	hu_tieu_ong_gia.png	https://i.pinimg.com/736x/24/ee/cf/24eecf49a8d6bfc2a3bddc6f5159cd00.jpg	30
11	IPPUDO Le Thanh Ton Japanese Ramen Restaurant	Vua mì Ramen Nhật Bản chuẩn vị Tonkotsu toàn cầu.	Nhà hàng với phong cách sang trọng món ăn thơm ngon đầy đủ các món ăn từ ba miền đất nước 	4.9	5919	60	Món Nhật , Gia đình , Bạn bè, Hải sản 	11:00	0:00	300000	17/5	Lê Thánh Tôn 	phường Bến Nghé 	1	Hồ Chí Minh	10.780311635058668, 106.7049200206647	https://maps.app.goo.gl/TnDXn7wHHs8Cc61M7	02873056002	nha_hang_le_thanh_ton.png	https://i.pinimg.com/1200x/f0/d8/37/f0d83715dfdb4a2664f72baf93455021.jpg	30
12	Pizza 4P's Hai Ba Trung	Pizza lò củi kết hợp phô mai tự làm trứ danh.	Quán pizza nổi tiếng với hương vị thơn ngon với vị của nước sốt cà chua kết hợp lớp phô mai béo thơm.\	4.9	19193	90	Ăn vặt , Gia đình, Bạn bè	11:00	23:00	450000	151b	Hai Bà Trưng 	phường 6	3	Hồ Chí Minh	10.783211523420007, 106.69768877391672	https://maps.app.goo.gl/jjfTpNg9yqTJwu5J9	02836220500	pizza_4p.png	https://i.pinimg.com/736x/c6/98/03/c69803f4cca7116c7d5cc78c803765f3.jpg	40
13	Lẩu Nấm Mushana	Thiên đường lẩu nấm thiên nhiên bổ dưỡng và thanh lành.	Quán ăn chay với nhiều món ăn đa dạng dành cho những người muốn cơ thể nhẹ nhàng bổ sung chất sơ cho cơ thể.	4.9	72	80	Món chay, Gia đình, Bạn bè	10:00	22:00	200000	702	Luỹ Bán Bích 	phường Tân Thành 	Tân Phú 	Hồ Chí Minh	10.79054318979343, 106.63885236896303	https://maps.app.goo.gl/KwXUNmcC66HsnWNC8	0817532688	lau_nam_mushana.png	https://i.pinimg.com/1200x/2d/00/fd/2d00fde63b7f1a906dfeaadb4c024931.jpg	20
14	Nhà Hàng Đồ Ăn Thái - Thai Market Restaurant - Tầng 3 Aeon Mall Bình Tân	Ẩm thực Thái Lan chuẩn vị chua cay mặn ngọt.	Nhà hàng với niềm đam mê ẩm thực Thái Lan với hương vị chua cay siêu bắt vị.	4.9	1636	80	Món Thái , Gia đình , Bạn bè, Hải sản	10:00	22:00	400000	1	17A	Bình Trị Đông B 	Tân Bình	Hồ Chí Minh	10.743301758004403, 106.61257482966236	https://maps.app.goo.gl/nJjZQ73HVrLguBWx8	19000207	nha_hang_do_thai.png	https://i.pinimg.com/736x/e1/2c/b5/e12cb5bf6722cc47bfcf54562f777160.jpg	50
15	Bếp Ăn Hàn Quốc - Jokbal Damsa	Chuyên chân giò heo hầm Hàn Quốc hương vị đặc biệt.	Quán ăn với hương vị đúng chuẩn Hàn Quốc , thu hút nhiều thực khách đến thử và trải nghiệm niềm đam mê với các món ăn từ đất nước kim chi.	4.7	16	80	Món Hàn , Gia đình, Bạn bè,Hải sản	10:00	22:00	320000	4	Tăng Bạt Hồ 	phường 12	5	Hồ Chí Minh	10.75841117240074, 106.6633959583134	https://maps.app.goo.gl/JGyz8xrZwMsr7Yxj6	0902260944	bep_an_han_quoc.png	https://i.pinimg.com/736x/0b/03/17/0b0317abadb2d5d8a42e6f403d3c106b.jpg	40
16	Quán ăn Hàn Quốc Kimtok	Điểm hẹn nướng và lẩu chuẩn phong cách xứ sở Kim Chi.	Quán ăn với hương vị đúng chuẩn Hàn Quốc , thu hút nhiều thực khách đến thử và trải nghiệm niềm đam mê với các món ăn từ đất nước kim chi.	4.1	5	40	Món Hàn , Gia đình, Bạn bè,Hải sản	10:00	22:00	170000	29	Hoà Hảo 	phường 12	10	Hồ Chí Minh	10.762798604365477, 106.67234105291143	https://maps.app.goo.gl/zvFRPQChPC7NvQVo6	Null	quan_an_han_quoc.png	https://i.pinimg.com/736x/c4/73/99/c47399fd7164380d942545012710d47f.jpg	30
17	Hoa Thiện Vegetarian	Ẩm thực chay thanh tịnh và tinh tế cho tâm hồn.	Nhà hàng với các món ăn đậm chất Việt Nam tràn đầy hương vị quê hương.	4.5	153	50	Món Việt ,Ăn vặt , Gia đình, Bạn bè	6:00	18:00	100000	1	Bà Triệu 	phường 12	5	Hồ Chí Minh	10.757439367045073, 106.66282249897847	https://maps.app.goo.gl/xUTgNC6tTBruGo8j7	0938623669	hoa_thien.png	https://i.pinimg.com/1200x/e8/c1/79/e8c1790f1f62ddd7d8fc24cf11bc1e25.jpg	60
18	Van Hoa Restaurant	Không gian ẩm thực và yến tiệc sang trọng đẳng cấp.	Nhà hàng mang phong cách sang trọng với nhiều món ăn đa dạng .	4.3	748	20	Món Việt ,Ăn vặt , Gia đình, Bạn bè	7:00	21:00	300000	68	Tản Đà 	phường 11	5	Hồ Chí Minh	10.753152340006181, 106.66460212558053	https://maps.app.goo.gl/LyVgK2pt4DcKu2rEA	02838563888	van_hoa.png	https://i.pinimg.com/1200x/6a/a1/ce/6aa1cef4681ef03a09cbce2cf917cfa5.jpg	60
19	Vị Phở Restaurant	Tinh túy phở Việt truyền thống đậm đà hương vị.	Nhà hàng nổi tiếng ở Sài Gòn về món ăn đặt trưng của Việt Nam "Phở" với hương vị đậm đà thơm ngon.	4.9	171	90	Món Nước, Món Việt ,Ăn vặt , Gia đình, Bạn bè	9:00	11:00	200000	264	Bùi Viện 	phường Phạm Ngũ lão 	1	Hồ Chí Minh	10.765819920175026, 106.69031449639094	https://maps.app.goo.gl/Hyc5hgu3K7PcSCRq5	0825587079	vi_pho.png	https://i.pinimg.com/1200x/c1/6e/e0/c16ee098fb543c4efe0d9dae5a316e6b.jpg	40
20	Sen Đại Việt Restaurant	Độc đáo các món ngon chế biến sáng tạo từ sen.	Nhà hàng với các món ăn đa dạng đầy đủ hương vị 	4.8	2778	90	Món Việt ,Ăn vặt , Gia đình, Bạn bè	0:00	23:59	250000	230	Bùi Viện 	phường Phạm Ngũ lão 	1	Hồ Chí Minh	10.76655771899879, 106.69179507568823	https://maps.app.goo.gl/hE6hLfZC5W9YVciF7	0356154334	sen_dai_viet.png	https://i.pinimg.com/1200x/64/e1/4b/64e14bdf97dbcf3a28b61fe4eed9c626.jpg	40
21	Chicago Cơm Ngon Hà Nội	Hương vị cơm bắc chuẩn vị gia đình ấm cúng.	Quán cơm gia đình với nhiều món ăn tạo cho các cuộc hội họp gia đình thêm trọn vẹn 	4.9	260	80	Món Việt ,Ăn vặt , Gia đình, Bạn bè	9:00	20:00	150000	134	Nguyễn Du 	Bến Thành 	1	Hồ Chí Minh 	10.774900471169003, 106.69430359018426	https://maps.app.goo.gl/CJw8JYG6PVDH7gAs8	Null	chicago_com_ngon.png	https://i.pinimg.com/1200x/b0/4a/13/b04a13a6f69a4770a37fe960bc80dee1.jpg	50
22	Hải sản Xô Seafood	Thưởng thức hải sản sốt Cajun phong cách Mỹ mới lạ.	Nhà hàng với nhiều loại hải sản tươi sống két hợp với sốt đặt trưng của quán có vừa thể hiện được hương vị nguyên bản của hải sản và hương vị sốt siêu ngon.	4.8	3013	90	Món Việt ,Ăn vặt , Gia đình, Bạn bè	9:00	22:00	300000	129	Ông Chợ Dừa 	Chợ Dừa 	Đống Đa 	Hà Nội 	21.021651300274176, 105.82644369226101	https://maps.app.goo.gl/St9Jwk3NYJMyZ1sB6	965694008	hai_san_xo.png	https://i.pinimg.com/1200x/ad/57/77/ad5777a6132b19169aacc47228743a56.jpg	80
23	Botanica Restaurant	Không gian lãng mạn với bít tết và rượu vang kiểu Âu.	Nhà hàng phù hợp với các cặp đôi với không gian lãng mạn ấm cũng phù hợp cho một buổi hẹn hò.	4.6	1197	100	Món Việt ,Ăn vặt , Gia đình, Bạn bè	8:30	22:00	200000	116/D4		Khu tập thể giang võ	Ba Đình 	Hà Nội 	21.02802862013956, 105.82461237206904	https://maps.app.goo.gl/cXx1YxvcnAkcnrRUA	963615086	botanica.png	https://i.pinimg.com/1200x/85/89/c2/8589c218be7b744ec970eae417e4a2b5.jpg	100
24	Era Restaurant	Quán Âu nhỏ xinh ấm cúng bên ánh nến.	Nhà hàng với nhiều loại hải sản tươi sống két hợp với sốt đặt trưng của quán có vừa thể hiện được hương vị nguyên bản của hải sản và hương vị sốt siêu ngon.	4.9	2223	60	Món Việt ,Ăn vặt , Gia đình, Bạn bè	10:30	23:00	200000	48	Mã Mây	Hàng Buồm 	Hoàng Kiếm 	Hà Nội 	21.036847898744707, 105.85589481864955	https://maps.app.goo.gl/NzCrwWwNVETRnsjD9	934453789	era.png	https://i.pinimg.com/1200x/e8/62/36/e8623619186cd0321c1cec5d4b72686f.jpg	60
25	Harbour Restaurant	Nhà hàng view sông đẳng cấp với thực đơn Á - Âu.	Nhà hàng với phong cách quan trọng phù hợp với các buổi gặp mặt gia đình đối tác trong không gian sang trọng.	4.2	316	30	Món Việt ,Ăn vặt , Gia đình, Bạn bè	11:00	23:00	1000000	91	Nguyễn Chí Thanh 	Thành Công	Đống Đa	Hà Nội 	21.022127674304798, 105.80916663676474	https://maps.app.goo.gl/kstYChwi86QHL6tx7	964706666	harbour.png	https://i.pinimg.com/736x/18/52/14/185214f90be839e5ef62bb6586bec9ec.jpg	50
26	Khuê Restaurant	Ẩm thực Việt đương đại trong không gian nghệ thuật.	Nhà hàng với phong cách ấm cũng hợp với các cuộc hẹn hò hâm nóng tình cảm giữa các cập đôi tạo cho nhau bầu không khí yên tĩnh lãng mạn trò truyện.	4.9	1307	100	Món Việt ,Ăn vặt , Gia đình, Bạn bè	11:00	22:00	700000	46A	Nguyễn Trường Tộ 	Trúc Bạch 	Ba Đình 	Hà Nội 	21.04438230149531, 105.84361653676474	https://maps.app.goo.gl/QpakQ99tS1wmyKQUA	384686859	khue.png	https://i.pinimg.com/1200x/0e/d1/a9/0ed1a955ce5c1cc1ed05126f32fbe0b8.jpg	50
27	Grille6 Steakhouse	Bít tết bò Mỹ mềm mọng chuẩn vị Âu giá hợp lý.	Nhà hàng phong cách châu âu cổ sang trọng quý phái phù hợp với các buổi tiệc gia đình tiếp đối tác và khách quý .	4.6	1497	60	Món Việt ,Ăn vặt , Gia đình, Bạn bè	9:30	22:00	400000	184	Hào Nam	Chợ Dừa 	Đống Đa	Hà Nội 	21.0289553096791, 105.82805912086813	https://maps.app.goo.gl/kcoZk54bsFypQZDd7	976205805	grile6_steakhouse.png	https://i.pinimg.com/1200x/54/41/1c/54411c0b937610f29d9e6f9525c587b7.jpg	50
28	Ngon Garden	Khu vườn ẩm thực Việt đa dạng và xanh mát giữa trung tâm.	Không gian thoáng đảng tạo cho khách hàng cảm giác như đang ngồi ăn giữa một khu vườn xanh mát .	4.1	1997	10	Món Việt ,Ăn vặt , Gia đình, Bạn bè	6:30	22:30	700000	70	Nguyễn Du 	Trần Hưng Đạo 	Hai Bà Trưng 	Hà Nội 	21.021424375755995, 105.84591190311924	https://maps.app.goo.gl/8NaD5xb2NAqqAEUd9	902226224	ngon.png	https://i.pinimg.com/1200x/28/07/ae/2807aebd2ccd62b1cb9c203786f62269.jpg	40
29	Rice Bistro	Biến tấu sáng tạo nâng tầm hạt gạo Việt Nam.	Một quán ăn nằm trong một khu văn hoá với không gian ấm cũng phù hợp cho gia đình bạn bè đến để trò truyện.	4.7	1064	90	Món Việt ,Ăn vặt , Gia đình, Bạn bè	11:00	21:00	500000	32	Hành Mành 	Hàng Gai 	Hoàng Kiếm 	Hà Nội 	21.03304108268602, 105.84814350090062	https://maps.app.goo.gl/jxfkjUqKcQPAmQa86	2438285053	rice_bistro.png	https://i.pinimg.com/1200x/15/ba/6b/15ba6b0c93ffdfb43c82072fc8eeaaf9.jpg	40
30	Lương Sơn Restaurant	Quán nhậu phong cách kiếm hiệp độc đáo tại Sài Gòn.	Nhà hàng với phong cách độc lạ mang tone vàng chủ yếu tạo cho không gian ấm áp phù hợp với gia đình.	3.9	1443	10	Món Việt ,Ăn vặt , Gia đình, Bạn bè	10:00	23:00	400000	1	Quang Nhân 	Nhân Chính 	Thanh Xuân 	Hà Nội 	21.009768961817436, 105.81349866197161	https://maps.app.goo.gl/GfXPefkquZc3pykw8	937716688	luong_son.png	https://i.pinimg.com/736x/ba/7b/15/ba7b15b1bf8875fb8e337dc8d716c495.jpg	50
31	Lua Viet Restaurant	Nơi lưu giữ hương vị cơm nhà thuần Việt an lành.	Nhà hàng với các món ăn truyền thống của miền quê Việt Nam dân dã và tràng đầy hương vị tuổi thơ của biết bao nhiêu thực khách.	4.8	548	100	Món Việt ,Ăn vặt , Gia đình, Bạn bè	9:30	21:30	700000	42B	Lâm Hoành 	An Hải 	Sơn Trà 	Đà Nẵng	16.06180436512666, 108.24526855280749	https://maps.app.goo.gl/dE7MgTC7qb31byiu8	797618589	lua_viet.png	https://i.pinimg.com/736x/e5/24/86/e524869fa3d01099a436faa2c4ed8182.jpg	60
32	Nhà Hàng Ngọc Sương Saigon	Thương hiệu hải sản danh tiếng lâu đời bậc nhất.	Thương hiệu hải sản lâu đời và danh tiếng bậc nhất Sài Gòn, nổi bật với kiến trúc sang trọng kiểu châu Âu và các món hải sản chế biến tinh tế, đặc biệt là món gỏi cá trứ danh.	4.3	629	50	Món Việt ,Ăn vặt , Gia đình, Bạn bè	10:00	22:00	800000	106	Sương Nguyệt Anh 	Bến Thành 	1	Hồ Chí Minh 	10.773635996942971, 106.68806076104629	https://maps.app.goo.gl/wWx8gd4iSZYQwR6C6	2839256939	nha_hang_ngoc_suong.png	https://lh3.googleusercontent.com/p/AF1QipMndBHaHIgt1TdIVR6i18eYt-CNlxsjoLFaL9I=w426-h240-k-no	60
33	Hoang Tam	Đặc sản bánh xèo và món ngon miền Tây dân dã.	Chuỗi nhà hàng chuyên về ẩm thực dân dã Nam Bộ, nổi tiếng với bánh xèo chảo lớn giòn rụm, lẩu mắm và các món đặc sản miền Tây sông nước chuẩn vị.	4.4	1970	40	Món Việt ,Ăn vặt , Gia đình, Bạn bè	10:00	22:00	500000	TK22/1	Nguyễn Cảnh Chân	Cầu Kho 	1	Hồ Chí Minh 	10.758611715769833, 106.68920259810454	https://maps.app.goo.gl/ptYozTVWNgAnLXwc6	773998883	hoang_tam.png	https://lh3.googleusercontent.com/p/AF1QipNl-qL-f35hHdzame87Wid31-5GC0CgyhQsMj7o=w408-h306-k-no	60
34	Ngon Restaurant	Nơi hội tụ tinh hoa ẩm thực đường phố ba miền.	Tọa lạc trong một biệt thự Pháp cổ, nhà hàng tái hiện không gian chợ quê với các quầy hàng phục vụ đầy đủ đặc sản 3 miền Bắc - Trung - Nam, rất thu hút khách du lịch.	4	10826	40	Món Việt ,Ăn vặt , Gia đình, Bạn bè	7:00	22:30	900000	140	Pasteur	Bến Nghé 	1	Hồ Chí Minh 	10.778412553324634, 106.69934382355366	https://maps.app.goo.gl/iwSPkVhYFYDNkyFQ8	2838277131	ngon.png	https://lh3.googleusercontent.com/gps-cs-s/AG0ilSzA-rJMVB1iGpfRjxdVXu8SppZjtDPgwJ8MbnbLhqZu-IPftk35mBTLtojv6oGKpjEHtwRLhkC7B2ubyhTCh8-CZE64VR26_qM1pFEpiBOskh2DR-iAhOezTMy9YIgAS8mIcTj-ik2feIGv=w408-h543-k-no	40
35	Hàng Dương Quán Q1	Điểm hẹn hải sản tươi sống và bia tươi sầm uất.	Địa điểm ẩm thực và giải trí sôi động ngay trung tâm Quận 1, chuyên phục vụ các loại hải sản tươi sống, món Âu - Á và hầm rượu vang đẳng cấp.	4.5	619	60	Món Việt ,Ăn vặt , Gia đình, Bạn bè	9:00	23:30	1000000	32-34	Ngô Đức Kế 	Bến Nghé 	1	Hồ Chí Minh 	10.77460168665348, 106.70561305213434	https://maps.app.goo.gl/VagadFWj8b5Nm3D28	968817788	huong_duong_quan.png	https://lh3.googleusercontent.com/p/AF1QipO9KpHuPr2xUa91OCRmfjyh8d_y4ZEsJ0hQAbqq=w408-h408-k-no	50
36	Thai Market	Ẩm thực Thái giữa lòng Sài Gòn 	Nhà hàng mang đến hương vị Thái Lan đích thực, cay nồng và đậm đà với menu phong phú từ Pad Thái, Tom Yum đến các món gỏi đặc trưng trong không gian trẻ trung.	4.7	2019	80	Món Thái , Gia đình , Bạn bè, Hải sản	10:00	22:00	500000	95	Cao Thắng 	3	3	Hồ Chí Minh 	10.773352036489552, 106.68034582993742	https://maps.app.goo.gl/iTfuq5voyhjtRarQ6	19000207	thai_martket.png	https://lh3.googleusercontent.com/gps-cs-s/AG0ilSwY9bCbpY9U4C0L8y5hSnhik4UAeQg1T_OqdA4n-juZ-LyRbh1mAGhV03ksv4Q1wBRErG5Aswfd8fe-bUVXW7ODkixKjOcA4jLbnLsTwAubH26yxxzxNTqh3G626W33FYM1KkGHAQ=w408-h408-k-no	50
37	Viet Kitchen - International Vietnamese Restaurant	Buffet quốc tế sang trọng tại khách sạn 5 sao Renaissance.	Nhà hàng buffet nằm trong khách sạn Renaissance Riverside, phục vụ sự kết hợp tuyệt vời giữa ẩm thực Việt Nam truyền thống và các món ăn quốc tế hiện đại, hải sản cao cấp.	4.7	381	90	Món Việt ,Ăn vặt , Gia đình, Bạn bè	6:00	23:00	850000	15	Tôn Đức Thắng 	Bến Nghé 	1	Hồ Chí Minh 	10.775325777346104, 106.70701486114285	https://maps.app.goo.gl/997VVwArdpnvCqNS9	2838220033	viet_kitchen.png	https://lh3.googleusercontent.com/p/AF1QipPHrezd_9fmQyDbe83f2yRRS6N7AwS1tu_2q3aX=w408-h248-k-no	30
38	Nhà Hàng Lúa Đại Việt	Không gian đồng quê với các món ngon dân tộc.	Không gian mang đậm hồn quê Việt giữa lòng phố thị, chuyên phục vụ các món ăn gia đình, đặc sản vùng miền với nguyên liệu tươi ngon và cách bài trí mộc mạc.	4.8	5624	100	Món Việt ,Ăn vặt , Gia đình, Bạn bè	0:00	23:59	400000	193	Đề Thám 	Phạm Ngũ Lão 	1	Hồ Chí Minh 	10.767723038292347, 106.69377216958853	https://maps.app.goo.gl/5jzeK4dKKt7z3qYx5	356154334	nha_hang_lua_dai_viet.png	https://lh3.googleusercontent.com/p/AF1QipNsnqJt_S2CgU4BjwSH8gkfqn5zyTVeD5zR404E=w426-h240-k-no	30
39	Elisa Floating Restaurant	Nhà hàng nổi độc đáo và lớn nhất trên sông Sài Gòn.	Nhà hàng nổi lớn nhất Việt Nam neo đậu trên sông Sài Gòn, thiết kế độc đáo với 3 cánh buồm, mang đến trải nghiệm ẩm thực đẳng cấp và view sông thơ mộng.	4.4	1374	70	Món Việt ,Ăn vặt , Gia đình, Bạn bè	10:00	23:00	1100000	5	Nguyễn Tất Thành 	13	4	Hồ Chí Minh 	10.768744433793499, 106.70810893838315	https://maps.app.goo.gl/REXpqHBzzYqpKoav8	938568182	elisa_float.png	https://lh3.googleusercontent.com/p/AF1QipP2OPfH84Ve2CKoHqbQCUvFv0I25TKZI-QVociW=w502-h240-k-no	45
40	Cơm Tấm Múc - Vietnamese Broken Rice Restaurant	Cơm tấm sườn nướng than hoa thơm lừng góc phố.	Quán cơm tấm mang phong cách hiện đại nhưng vẫn giữ hương vị truyền thống, nổi tiếng với miếng sườn nướng mật ong thơm lừng và không gian sạch sẽ, máy lạnh.	4.7	710	80	Món Việt ,Ăn vặt , Gia đình, Bạn bè	9:00	21:45	100000	138	Nguyễn Văn Cừ 	Nguyễn Cư Trinh	1	Hồ Chí Minh 	10.75990298553708, 106.68451600030455	https://maps.app.goo.gl/f789q1GmFqF1cmnz6	333653657	com_tam_muc.png	https://lh3.googleusercontent.com/gps-cs-s/AG0ilSwEaH9MUzRPR1640pS2n9OmzRgtSHS7FlyHzfS9F-F3l9UkkIMPmcWwsIIv4SGuCiqZg8cpf9voz12BigHj8_XLwj1cJnPzQ4p8GDIj21CEGT-Qht809KK6mGayK4LBgWFMsSGc=w408-h544-k-no	20
41	Mộc Vegetarian Cuisine - Ẩm thực chay Mộc	Món chay cách điệu trong không gian mộc mạc an yên.	Nhà hàng chay với không gian yên tĩnh, thanh tịnh, thực đơn đa dạng các món chay được chế biến công phu, đẹp mắt, tốt cho sức khỏe.	4.9	654	100	Món Việt ,Ăn vặt , Gia đình, Bạn bè, Món chay	10:00	22:00	200000	549	Trần Hưng Đạo 	Cầu Kho	1	Hồ Chí Minh 	10.758258709384569, 106.68610386806823	https://maps.app.goo.gl/kHUmWess1uvF9ynv5	915840089	moc_vegetarian.png	https://lh3.googleusercontent.com/gps-cs-s/AG0ilSxQ5Crmad8FW9a91ZBJYI_7RuphK9SzhTIr6sH8EaF50hRfpV9Wj2oCvD8i6-nSucLZvOXo0mW_Eu9R3amY2uKlm8Unz_XUI1fXlMeRaXApGVx7xNujdsDep_5BCxzianPC2EymM1HNMHaz=w408-h544-k-no	60
42	Tửu Lầu 13	Quán nhậu bình dân phong cách cổ trang Trung Hoa.	Quán nhậu thiết kế theo phong cách kiếm hiệp cổ trang độc đáo, thực đơn phong phú với các món nhậu lai rai và các loại rượu đặc sản.	4.8	263	100	Món Việt ,Ăn vặt , Gia đình, Bạn bè	0:00	23:59	500000	6	Nam Quốc Cang	Nguyễn Cư Trinh	1	Hồ Chí Minh 	10.768276675291954, 106.68783413053404	https://maps.app.goo.gl/GFie66TWfzHVTVxDA	902505761	tuu_lau_13.png	https://lh3.googleusercontent.com/gps-cs-s/AG0ilSyOPlq3elUbDCZbMt5oCQTLOr3FSBgG-fr4zOcciU4_-e12JsEOrQF5aeC3wxm8Cl0eJqghzQIFB1B6b4BtvztjIl2AeHu_6Vz6LEwIBRXp1lhmkTq2KRB_HvIjDLbJUTAH30qwag=w408-h544-k-no	25
43	Nhà Hàng Bào Ngư Nhất Phẩm	Thượng phẩm bào ngư bồi bổ sức khỏe dành cho giới sành ăn.	Chuyên phục vụ các món ăn thượng hạng từ bào ngư, vi cá và hải sản cao cấp theo phong cách ẩm thực Trung Hoa, thích hợp cho tiếp khách sang trọng.	4.6	115	70	Món Việt ,Ăn vặt , Gia đình, Bạn bè	9:00	23:00	400000	174	Lê Lai	Bến Thành 	1	Hồ Chí Minh 	10.769848031245045, 106.69066061616499	https://maps.app.goo.gl/nwUgNTqHjQNo3Wyf8	903177925	bao_ngu_de_nhat.png	https://lh3.googleusercontent.com/p/AF1QipNsay_xm5Y5xz2TQGLWWcno-zhb1EN2rdtPcWc=w408-h577-k-no	60
44	Nhà Hàng Phố 79 (chi nhánh 1)	Nơi tiếp khách VIP sang trọng với ẩm thực cao cấp.	Nhà hàng sang trọng với hệ thống phòng VIP đẳng cấp, chuyên phục vụ hải sản tươi sống và ẩm thực cung đình, là điểm đến quen thuộc của giới doanh nhân.	4.2	610	20	Món Việt ,Ăn vặt , Gia đình, Bạn bè	12:00	23:30	600000	120	Sương Nguyệt Anh 	Phạm Ngũ Lão 	1	Hồ Chí Minh 	10.772757017226319, 106.6887723409866	https://maps.app.goo.gl/twFXnFjACcRJcyHK9	966773279	nha_hang_pho_79.png	https://lh3.googleusercontent.com/p/AF1QipP1OUua9iQ6AF3Ti87G5ksYlyp3lgvteAzsZ_vP=w408-h306-k-no	60
45	Cơm Niêu Sài Gòn	Nổi tiếng với màn biểu diễn đập niêu tung hứng điệu nghệ.	Nổi tiếng với màn biểu diễn "đập niêu" tung hứng độc đáo và các món ăn dân dã Việt Nam chuẩn vị Bắc như cá kho tộ, cà pháo mắm tôm.	4.3	2050	10	Món Việt ,Ăn vặt , Gia đình, Bạn bè	10:00	22:00	300000	59	Hồ Xuân Hương	6	3	Hồ Chí Minh 	10.777015047482, 106.68774237270748	https://maps.app.goo.gl/TadtiNJx8t2FnwMG8	901301728	com_nieu_sai_gon.png	https://lh3.googleusercontent.com/gps-cs-s/AG0ilSzXfEoM77DF2FsgwE__Jo5wu99nFZzJDAfNgP2uzhwHPUFvolbdZ__werjjBEOc1iae7XF2rfT_IJQz78vffg00te_6ebWz6O8mI5qk0t2KixCRAfJXj9NkeyDVDsMgLFZtYIWvWPrs_Gy3=w408-h306-k-no	30
46	NS BẾN THUYỀN	Thưởng thức hải sản tươi ngon bên bến thuyền thơ mộng.	Nhà hàng lâu đời với thực đơn hải sản phong phú và các món Việt đặc sắc, không gian rộng rãi phù hợp cho đặt tiệc và họp mặt gia đình.	4.3	2539	20	Món Việt ,Ăn vặt , Gia đình, Bạn bè	10:00	22:00	500000	11	Nguyễn Văn Trỗi 	11	Phú Nhuận 	Hồ Chí Minh 	10.792723091001681, 106.68111208493352	https://maps.app.goo.gl/mpjBv886P2XHEEqE9	909886058	ben_thuyen.png	https://lh3.googleusercontent.com/p/AF1QipPqeQEH7_zm7uqf2NwI2DUmfUq76TOiZvJg-tGB=w493-h240-k-no	45
47	Vựa cua Út Cà Mau	Đặc sản cua Cà Mau chính gốc bao ăn chắc thịt.	Chuyên các món về Cua Cà Mau chính gốc, bao ăn, bao đổi trả. Nổi tiếng với cua thịt chắc, gạch son và nhiều cách chế biến như sốt trứng muối, rang me.	4.3	827	90	Món Việt ,Ăn vặt , Gia đình, Bạn bè	10:00	23:00	600000	215	Điện Biên Phủ 	6	3	Hồ Chí Minh 	10.785204067886609, 106.69228213838312	https://maps.app.goo.gl/wo3zDfYEuRcC9VPS8	2835218359	vua_cua_ut_ca_mau.png	https://lh3.googleusercontent.com/gps-cs-s/AG0ilSwmuPNGWOXbPp3g93H_xRQk3Zctzm7h_KWBO1A4c67e6SDnBH5KRjdKCfsFG_2HOk_82es1fufl_t0TxtqaPEwG6DgUD_AFVk0E0OMMIsd5nqbz_igDH7oy8JHvorkdS0DwRFWTHlZXortT=w408-h544-k-no	50
48	Nhà hàng chay Phương Mai	Ẩm thực chay tịnh giữa không gian yên bình tĩnh lặng.	Nằm ẩn mình trong con hẻm yên tĩnh phía sau chợ Bến Thành, phục vụ các món chay Á - Âu kết hợp đầy sáng tạo trong không gian ấm cúng, thiền tịnh.	4.9	2904	90	Món Việt ,Ăn vặt , Gia đình, Bạn bè, Món chay	9:00	21:30	200000	82/86F	Võ Thị Sáu 	Tân Định 	1	Hồ Chí Minh 	10.789500547851459, 106.6919741606274	https://maps.app.goo.gl/4mxhuk5aoLQNGwGM7	888339257	nha_hang_chay_mai_phuong.png	https://lh3.googleusercontent.com/p/AF1QipOgIyylmvPJRGPPeZzH6UFkE8DzVsFER-5ZT4qr=w408-h306-k-no	45
49	Lux68 Restaurant	Không gian ẩm thực và giải trí hiện đại đẳng cấp.	Nhà hàng hầm rượu sang trọng, riêng tư, chuyên phục vụ các món Âu cao cấp như bò Wagyu, gan ngỗng Pháp cùng bộ sưu tập rượu vang đồ sộ.	4.4	350	80	Món Việt ,Ăn vặt , Gia đình, Bạn bè	9:00	22:00	300000	173	Nguyễn Đình Chiểu 	6	3	Hồ Chí Minh 	10.77548724351755, 106.68756503250813	https://maps.app.goo.gl/v1jnP7AndfSQzemK9	2866833168	lux68.png	https://lh3.googleusercontent.com/p/AF1QipPLZeJc0jAG_2vYWeTSECnPjgspi2auovbCOAHH=w408-h272-k-no	45
50	Lai Restaurant	Ẩm thực Quảng Đông tinh tế trên tầng cao view toàn cảnh.	Nhà hàng Quảng Đông cao cấp nằm trên tầng cao với view toàn cảnh thành phố, nổi tiếng với vịt quay Bắc Kinh và các món Dimsum tinh tế.	4.4	648	60	Món Việt ,Ăn vặt , Gia đình, Bạn bè	11:30	22:30	1000000	94	Nam Kỳ Khởi Nghĩa 	Bến Nghé 	1	Hồ Chí Minh 	10.773106764770795, 106.700700728862	https://maps.app.goo.gl/TE2rZQnty1QTrpDXA	903116038	lai.png	https://lh3.googleusercontent.com/p/AF1QipPAJBshNuQ05Gwy9ixD2Bti5kk7gvpNe0NSGuPm=w408-h272-k-no	60
52	Cái Mâm Restaurant			4.9	4298	100	Món Việt ,Ăn vặt , Gia đình, Bạn bè	10:30	22:00	900000	23	Đào Duy Từ 	Hàng Buồm 	Hoàn Kiếm 		21.040579970488885, 105.85378516346576	https://maps.app.goo.gl/ZBL7RngTnpAsc9Qg8	338451086	cai_mam.png	https://lh3.googleusercontent.com/p/AF1QipNroI2BjuWkmFwzlM2tt2-XMFWFgDCq4p1aa2if=w408-h271-k-no	60
53	Quán Ăn Ngon	Nhà hàng tập hợp các món ăn đặc sắc từ ba miền, nổi tiếng với không gian sang trọng và đa dạng món ăn.	Chuỗi nhà hàng nổi tiếng, được xem là "chợ ẩm thực thu nhỏ" với hơn 200 món ăn đường phố và đặc sản ba miền, thiết kế kiểu biệt thự Pháp cổ.	4.2	3,737	81	Truyền thống, Món Việt, Ăn trưa, Ăn tối, Check-in	6:30	22:00	100,000 - 300,000	18	P. Phan Bội Châu	Cửa Nam	Hoàn Kiếm	Hà Nội	21.026512003618773, 105.84350504602584	https://www.google.com/maps/place/Qu%C3%A1n+%C4%82n+Ngon/@21.0263017,105.8433763,17z/data=!3m1!4b1!4m6!3m5!1s0x3135ab96d8d973cf:0x47a4f29ec2c4f739!8m2!3d21.0263017!4d105.8433763!16s%2Fg%2F11qxxy0b71?entry=ttu&g_ep=EgoyMDI1MTEyMy4xIKXMDSoASAFQAw%3D%3D	903246963	quan_an_ngon_png	https://lh3.googleusercontent.com/gps-cs-s/AG0ilSxgTyf6UWbMrxsBdiPEEJ8Y11D_1p734blpkaV-9T-_KaQ-yYXDk3WUfLBpAr8Uh6lackVff7DXWVJHc9taAAOefDgEIW0goqBReSbv_meq_lYxslHj4z8i2bz8aJGX9WD4RSR8zcI94Xk=w408-h544-k-no	60
54	Essence Restaurant Original	Nhà hàng ẩm thực Việt Nam cao cấp trong lòng phố cổ, phục vụ các món ăn truyền thống được chế biến tinh tế.	Nằm trong khách sạn Essence Hanoi, nhà hàng nổi tiếng với sự kết hợp hài hòa giữa ẩm thực truyền thống và phong cách phục vụ hiện đại, thích hợp cho bữa tối lãng mạn.	4.8	2,856	94	Món Việt, Cao cấp, Ăn sáng, Ăn trưa, Ăn tối	6:30	22:00	250,000 - 500,000	38A	P. Trần Phú	Điện Biên	Ba Đình	Hà Nội	21.030821655014094, 105.8422717178777	https://maps.google.com/?cid=2940508784920936023&g_mp=Cidnb29nbGUubWFwcy5wbGFjZXMudjEuUGxhY2VzLlNlYXJjaFRleHQ	2439352485	essence_restaurant_original_png	https://lh3.googleusercontent.com/p/AF1QipMKx_eGRFgnkCJOX26SnhXa6q_P6s67AmJlBGBx=w408-h612-k-no	90
55	Hong Hoai's Restaurant	Địa điểm nổi tiếng với các món ăn Việt Nam truyền thống, đặc biệt là Bún Chả, thu hút lượng lớn du khách quốc tế.	Quán ăn lâu đời tại phố cổ, phục vụ các món ăn đậm chất Hà Nội. Nổi tiếng với hương vị truyền thống, giá cả phải chăng và không gian bình dị, đông khách.	4.9	18,574	97	Món Việt, Bún Chả, Phố cổ, Ăn trưa, Ăn tối	10:00	23:00	50,000 - 150,000	20	P. Bát Đàn	Hàng Bồ	Hoàn Kiếm	Hà Nội	21.034084234805015, 105.84746713558175	https://maps.google.com/?cid=5051223794725005124&g_mp=Cidnb29nbGUubWFwcy5wbGFjZXMudjEuUGxhY2VzLlNlYXJjaFRleHQ	915033556	hong_hoais_restaurant_png	https://lh3.googleusercontent.com/gps-cs-s/AG0ilSxxLc3AUIBu1h5M6jXp6Dwamgb6hoF2zjB63CyjuKr0IGcALsxbzdOQyTbHV2zPwtxUOHdi1isKKdHvAQYpZCIHzrJpWc7b7cU8bZXNSfhzPvINt5CS6fyWRN8xAZlnEaHnmTDsZrL21xMk=w408-h306-k-no	60
56	Long Wang - Lẩu Hấp Thủy Nhiệt Hồng Kông	Nhà hàng chuyên về Lẩu Hấp Thủy Nhiệt Hồng Kông, cung cấp trải nghiệm ẩm thực lành mạnh với hải sản tươi ngon.	Phương pháp lẩu hấp độc đáo, giữ trọn hương vị tự nhiên của nguyên liệu. Không gian hiện đại, sang trọng, phù hợp cho tiệc gia đình và nhóm bạn.	4.8	1,461	93	Lẩu Hấp, Hải sản, Hồng Kông, Ăn trưa, Ăn tối	10:00	22:00	200,000 - 450,000	84	P. Ngọc Khánh	Giảng Võ	Ba Đình	Hà Nội	21.027020589498903, 105.81768327976417	https://maps.google.com/?cid=17168973784939842917&g_mp=Cidnb29nbGUubWFwcy5wbGFjZXMudjEuUGxhY2VzLlNlYXJjaFRleHQ	854843388	long_wang_lau_hap_thuy_nhiet_hong_kong_png	https://i.pinimg.com/736x/26/7d/36/267d3631beb89fd8007142d80726e8d8.jpg	120
57	MẸT Vietnamese restaurant & Vegetarian Food 3	Nhà hàng nổi bật với thực đơn món Việt và món chay đa dạng, chú trọng đến nguyên liệu sạch và bài trí đẹp mắt.	Được đánh giá cao về chất lượng món ăn và dịch vụ. Không gian ấm cúng, decor mang đậm chất Việt, phục vụ cả món mặn và món chay.	4.9	21,480	97	Món Việt, Món Chay, Phố cổ, Ăn trưa, Ăn tối	10:00	22:30	150,000 - 350,000	42	P. Lương Văn Can	Hàng Gai	Hoàn Kiếm	Hà Nội	21.03298187726345, 105.85083603869582	https://maps.google.com/?cid=8608489657240086004&g_mp=Cidnb29nbGUubWFwcy5wbGFjZXMudjEuUGxhY2VzLlNlYXJjaFRleHQ	392257292	met_vietnamese_restaurant_vegetarian_food_3_png	https://i.pinimg.com/736x/63/c1/f3/63c1f38307b961d147e211e7ebacfdd0.jpg	90
58	VIET Restaurant Hanoi	Nhà hàng Việt Nam cao cấp, nằm trong khách sạn JM Marvel, phục vụ ẩm thực Việt với phong cách hiện đại.	Không gian sang trọng, lịch sự, chuyên phục vụ các món ăn truyền thống được nâng tầm. Thích hợp cho các buổi hẹn hò hoặc chiêu đãi đối tác.	4.9	2,545	95	Món Việt, Cao cấp, Khách sạn, Ăn tối	14:30	22:00	300,000 - 600,000	16	P. Hàng Da	Hàng Bông	Hoàn Kiếm	Hà Nội	21.0312812827447, 105.84693220067632	https://maps.google.com/?cid=1004577645539885804&g_mp=Cidnb29nbGUubWFwcy5wbGFjZXMudjEuUGxhY2VzLlNlYXJjaFRleHQ	2438238855	viet_restaurant_hanoi_png	https://i.pinimg.com/736x/8d/28/f0/8d28f06a2c60404924c9797a3cade84a.jpg	120
59	Au Lac Family Restaurant	Nhà hàng chuyên món ăn gia đình Việt, nổi tiếng với không gian ấm cúng và chất lượng món ăn ổn định.	Địa điểm lý tưởng cho các bữa ăn sum họp gia đình hoặc tụ tập bạn bè, mang đến hương vị ẩm thực truyền thống Việt Nam.	4.9	2,327	95	Món Việt, Truyền thống, Gia đình, Ăn trưa, Ăn tối	11:00	21:00	100,000 - 250,000	23	Ng. Huyện	Hàng Trống	Hoàn Kiếm	Hà Nội	21.029602199719875, 105.84875726450858	https://maps.google.com/?cid=1208494242148214275&g_mp=Cidnb29nbGUubWFwcy5wbGFjZXMudjEuUGxhY2VzLlNlYXJjaFRleHQ	345315123	au_lac_family_restaurant_png	https://i.pinimg.com/736x/0f/89/6b/0f896b436279dc1d890709bc7a56e7c5.jpg	90
60	Miss Qs	Nhà hàng phục vụ các món ăn quốc tế và Việt Nam trong không gian hiện đại, sang trọng tại Hanoi Towers.	Địa điểm lý tưởng cho bữa sáng, trưa văn phòng, và tiệc cocktail. Thực đơn đa dạng, từ món Âu đến các món Á.	4.6	1,166	89	Quốc tế, Món Âu, Món Việt, Ăn sáng, Ăn trưa	6:30	22:00	200,000 - 400,000	49	P. Hai Bà Trưng	Trần Hưng Đạo	Hoàn Kiếm	Hà Nội	21.02588286098734, 105.84630838161956	https://maps.google.com/?cid=8693101565121980114&g_mp=Cidnb29nbGUubWFwcy5wbGFjZXMudjEuUGxhY2VzLlNlYXJjaFRleHQ	2439348325	miss_qs_png	https://i.pinimg.com/1200x/91/9f/c9/919fc9e79488de4ebbd3286b0b316df7.jpg	90
61	Ẩm Thực Pháp - Maison Vie	Nhà hàng chuyên món Pháp cổ điển, nổi tiếng với phong cách phục vụ tinh tế và không gian lãng mạn, sang trọng.	Một trong những nhà hàng Pháp lâu đời tại Hà Nội, phục vụ các món ăn Pháp tiêu chuẩn cao. Thích hợp cho các dịp kỷ niệm đặc biệt.	4.4	644	85	Món Pháp, Cao cấp, Ăn trưa, Ăn tối, Lãng mạn	12:30	22:00	400,000 - 800,000	28	P. Tăng Bạt Hổ	Phạm Đình Hổ	Hai Bà Trưng	Hà Nội	21.01758389154552, 105.85814291045607	https://maps.google.com/?cid=4701012716843533984&g_mp=Cidnb29nbGUubWFwcy5wbGFjZXMudjEuUGxhY2VzLlNlYXJjaFRleHQ	904150383	am_thuc_phap_maison_vie_png	https://i.pinimg.com/1200x/13/ad/cf/13adcf049ed52cd296a5812f5a3990c4.jpg	120
62	MOO BEEF STEAK NGUYỄN KHÁNH TOÀN	Nhà hàng chuyên Steak (bò bít tết) với chất lượng thịt cao cấp và đa dạng các loại sốt.	Chuỗi nhà hàng Steak được yêu thích với menu phong phú, không gian hiện đại, phục vụ các món Steak theo phong cách Âu Mỹ.	4.9	1,321	94	Steak, Món Âu, Thịt bò, Ăn trưa, Ăn tối	10:30	22:00	250,000 - 550,000	2F	Đ. Nguyễn Khánh Toàn	Quan Hoa	Cầu Giấy	Hà Nội	21.035359907921606, 105.80495756206012	https://maps.google.com/?cid=1256275618412489396&g_mp=Cidnb29nbGUubWFwcy5wbGFjZXMudjEuUGxhY2VzLlNlYXJjaFRleHQ	964631086	moo_beef_steak_nguyen_khanh_toan_png	https://lh3.googleusercontent.com/gps-cs-s/AG0ilSwa3xCqtol-Ymg3LqlGHwSA_cZZHzSN-UF0sf8m3zSKRARALeBanboFWxTyPEP0q-EibEPNuFHBifOsJoDAZhBDoydy-mNDsQh_9QLvts4e87C-rUZ3srvodfxeJmcHDBlI1tLEN4oKghuO=w408-h544-k-no	105
63	Lẩu Nướng Tươi Bbq	Nhà hàng Buffet Lẩu Nướng chuyên về các loại thịt tươi, hải sản đa dạng, phục vụ theo hình thức gọi món hoặc buffet.	Không gian rộng rãi, thoáng mát, thích hợp cho nhóm đông người. Nổi tiếng với đồ nướng chất lượng và giá cả phải chăng.	4.8	570	90	Lẩu Nướng, Buffet, Thịt nướng, Hải sản, Ăn tối	10:00	23:00	189,000 - 299,000	169	P. Hoàng Cầu	Trung Liệt	Đống Đa	Hà Nội	21.015804345810007, 105.82072019585657	https://maps.google.com/?cid=2749134903397504267&g_mp=Cidnb29nbGUubWFwcy5wbGFjZXMudjEuUGxhY2VzLlNlYXJjaFRleHQ	776363663	lau_nuong_tuoi_bbq_png	https://lh3.googleusercontent.com/p/AF1QipOlPy896Z65O_2Zs-iDfNHbq7JMRBenH4MFjgSi=w408-h306-k-no	120
64	Lẩu nướng Ngon BBQ	Nhà hàng lẩu nướng với menu phong phú, giá cả bình dân, là lựa chọn phổ biến của giới trẻ.	Phục vụ cả buffet và gọi món, không gian đơn giản, tập trung vào chất lượng đồ nướng và lẩu. Khá đông vào buổi tối và cuối tuần.	4.7	122	87	Lẩu Nướng, Buffet, Bình dân, Ăn tối, Ăn khuya	10:00	14:30	150,000 - 250,000	1116	Đ. Láng	Yên Hoà	Đống Đa	Hà Nội	21.02505520567412, 105.79829819325471	https://maps.google.com/?cid=14850010143497557924&g_mp=Cidnb29nbGUubWFwcy5wbGFjZXMudjEuUGxhY2VzLlNlYXJjaFRleHQ	973937916	lau_nuong_ngon_bbq_png	https://lh3.googleusercontent.com/gps-cs-s/AG0ilSzH6OQMofhiDWVUvmesMwpaoHAgcOfN1Y1VY-xtUNzBV7k59FLOM71_n1RvsYnT14hZ19pr-TRPV-QT9HBhkWCxVaNHnc0SNfuaqPiXrPySws4aK0U4CZ8D9I1Hj3ib-WyyVLiz=w408-h306-k-no	120
65	Buffet Lẩu Nướng Safodi	Nhà hàng buffet chuyên Lẩu & Nướng, được đánh giá cao về không gian sạch sẽ và sự đa dạng của quầy line.	Cung cấp nhiều lựa chọn từ thịt, hải sản, đến rau củ và đồ ăn kèm. Phù hợp cho gia đình và tiệc nhóm.	4.7	729	89	Lẩu Nướng, Buffet, Hải sản, Ăn trưa, Ăn tối	10:00	23:00	199,000 - 350,000	315	P. Vũ Tông Phan	Khương Đình	Thanh Xuân	Hà Nội	20.9925047845757, 105.81440030860065	https://maps.google.com/?cid=251891085901572366&g_mp=Cidnb29nbGUubWFwcy5wbGFjZXMudjEuUGxhY2VzLlNlYXJjaFRleHQ	886001002	buffet_lau_nuong_safodi_png	https://lh3.googleusercontent.com/p/AF1QipNdKE7_QMEAJX6SPss4InFBpyryzu2IHVV9isD9=w408-h544-k-no	120
66	Lẩu Nướng Corner Z - 342 Xã Đàn	Nhà hàng lẩu nướng phục vụ suốt 24/24, nổi tiếng với sự tiện lợi và đa dạng các loại thịt bò, hải sản.	Điểm đến lý tưởng cho những người cần ăn khuya. Không gian ấm cúng, phục vụ chu đáo.	4.9	1,819	95	Lẩu Nướng, 24/24, Ăn khuya, Thịt nướng, Buffet	12:00	23:59	200,000 - 300,000	342	P. Xã Đàn	Phương Liên	Đống Đa	Hà Nội	21.01419940611755, 105.8350500532712	https://maps.google.com/?cid=6477590711330923545&g_mp=Cidnb29nbGUubWFwcy5wbGFjZXMudjEuUGxhY2VzLlNlYXJjaFRleHQ	901706555	lau_nuong_corner_z_342_xa_dan_png	https://lh3.googleusercontent.com/p/AF1QipPNFuMm6SzkrUvuyfqo_OmR6s82km-vNfs0TeSP=w408-h305-k-no	120
67	Nhà Hàng Buffet Lẩu Nướng A Péo	Quán lẩu nướng mới, có rating 5.0 tuyệt đối nhưng số lượng đánh giá còn ít, chuyên về buffet lẩu nướng.	Tập trung vào chất lượng thịt và phục vụ. Là lựa chọn tốt cho những ai tìm kiếm trải nghiệm mới mẻ với mức giá phải chăng.	5	18	85	Lẩu Nướng, Buffet, Ăn trưa, Ăn tối, Giá rẻ	12:00	23:59	150,000 - 250,000	107	P. Tạ Quang Bửu	Khu tập thể Bách Khoa	Hai Bà Trưng	Hà Nội	21.001827520756954, 105.84983021031526	https://maps.google.com/?cid=7366111037039678750&g_mp=Cidnb29nbGUubWFwcy5wbGFjZXMudjEuUGxhY2VzLlNlYXJjaFRleHQ	987459463	nha_hang_buffet_lau_nuong_a_peo_png	https://i.pinimg.com/1200x/30/f7/2d/30f72d82a94b11ae1164d19b86a4a65e.jpg	120
68	Samwonjung Vietnam (삼원정)	Nhà hàng Hàn Quốc chuyên phục vụ thịt nướng BBQ, nổi tiếng với chất lượng thịt tươi ngon và không gian sạch sẽ.	Nổi tiếng trong cộng đồng người Hàn tại Hà Nội, chuyên các món BBQ và lẩu Hàn Quốc truyền thống.	4.9	532	93	Món Hàn, BBQ, Thịt nướng, Ăn trưa, Ăn tối	10:00	22:00	300,000 - 600,000	20	P. Nguyễn Quang Bích	Cửa Đông	Hoàn Kiếm	Hà Nội	21.032283397980486, 105.84618777047473	https://maps.google.com/?cid=4718891760325490541&g_mp=Cidnb29nbGUubWFwcy5wbGFjZXMudjEuUGxhY2VzLlNlYXJjaFRleHQ	868414266	samwonjung_vietnam_png	https://i.pinimg.com/1200x/f2/50/ae/f250aef97cb9bb760a9d394531a7c236.jpg	120
69	Khuê Restaurant	Nhà hàng ẩm thực không biên giới (Á Âu) cao cấp, nằm trên tầng cao khách sạn, với không gian lãng mạn và món bò bít tết nổi tiếng.	Áp dụng triết lý "Ẩm thực không biên giới", kết hợp nguyên liệu Việt với kỹ thuật hiện đại. Không gian decor sang trọng, thích hợp cho các cặp đôi và sự kiện đặc biệt. Tọa lạc tại Tầng 12 khách sạn Hanoi Le Jardin Hotel & Spa.	4.9	1,309	99	Món Âu, Bít tết, Cao cấp, Lãng mạn, Check-in, Ăn trưa, Ăn tối	11:00	10:00	400,000 - 600,000	46A	P. Nguyễn Trường Tộ	Trúc Bạch	Ba Đình	Hà Nội	21.04330086658578, 105.84437292158846	https://www.google.com/maps/place/Khu%C3%AA+Restaurant/@21.0431006,105.8437882,17z/data=!3m1!4b1!4m6!3m5!1s0x3135ab1d2c7c34a5:0x8a88b93baa80ce68!8m2!3d21.0431006!4d105.8437882!16s%2Fg%2F11j4m17ntf?entry=ttu&g_ep=EgoyMDI1MTEyMy4xIKXMDSoASAFQAw%3D%3D	384686859	khue_restaurant_png	https://lh3.googleusercontent.com/p/AF1QipOadGYsTYYJLQz6Q4fBDrL3IFf4Bg_aOz5_unFf=w408-h272-k-no	90 - 120 phút