name	priveVnd	summary	description	openTime	closeTime	phone	rating	reviewCount	populartity	imageName	tags	houseNumber	street	ward	district	city	lat, long	url
Hoàng Thành Thăng Long	100.000 VND	Di tích Lịch sử	Khu di tích lịch sử và khảo cổ quan trọng nhất tại Việt Nam. Từng là kinh đô của đất nước qua nhiều triều đại, được UNESCO công nhận là Di sản Thế giới.	08:00	17:00	02437345427	4.4	17611	79	hoang_thanh_thang_long.png	Lịch sử, Văn hóa	19c	Hoàng Diệu	Điện Biên	Ba Đình	Hà Nội	21.0353282925516,105.840296387483	Imperial Citadel of Thang Long
Văn Miếu - Quốc Tử Giám	70.000 VNĐ	Di tích Lịch sử	Quần thể di tích lịch sử và văn hóa, là trường đại học quốc gia đầu tiên của Việt Nam. Nơi đây lưu giữ 82 bia đá ghi tên các Tiến sĩ từ các kỳ thi thời phong kiến.	07:30	17:00	None	4.6	20488	48	van_mieu_quoc_tu_giam.png	Lịch sử, Văn hóa	58	Quốc Tử Giám	Văn Miếu	Đống Đa	Hà Nội	21.0284565765098,105.835713699443	Temple Of Literature
Cột cờ Hà Nội	20.000 VNĐ	Di tích Lịch sử	Công trình kiến trúc cổ kính nằm trong khuôn viên Bảo tàng Lịch sử Quân sự Việt Nam, được xây dựng năm 1812 dưới thời nhà Nguyễn, là biểu tượng của Hà Nội.	08:00	17:00	02437345427	4.5	2123	85	cot_co_ha_noi.png	Lịch sử, Kiến trúc	28A	Điện Biên Phủ	Điện Biên	Ba Đình	Hà Nội	21.0327057912222,105.839750251962	Hanoi Flagtower
Vườn Thú Hà Nội	50.000 VNĐ	Công viên giải trí	Vườn bách thú lớn, nơi sinh sống của nhiều loài động thực vật, là khu vực giải trí cho gia đình và giáo dục về tự nhiên, nằm gần công viên Thủ Lệ.	06:00	22:00	02438347395	4.1	17325	82	vuon_thu_ha_noi.png	Giải trí, Thiên nhiên		Đ. Bưởi	Giảng Võ	Ba Đình	Hà Nội	21.0312488209791,105.803753924975	Hanoi Zoo
Khu Phố Cổ Hà Nội	0	Văn hóa	Khu vực lịch sử với kiến trúc và nếp sống "36 phố phường" đặc trưng của Hà Nội. Đây là nơi tập trung các nghề thủ công truyền thống, các ngôi nhà cổ kính và ẩm thực đường phố.	24/24	24/24	None	4.6	8545	40	khu_pho_co_ha_noi.png	Văn hóa, Giải trí		Hàng Ngang - Hàng Đào	Hàng Đào	Hoàn Kiếm	Hà Nội	21.0341891812129,105.850583155825	Hanoi Old Quarter
Lăng Chủ tịch Hồ Chí Minh	0	Di tích Lịch sử	Công trình kiến trúc lớn và trang nghiêm, nơi lưu giữ và bảo quản thi hài của Chủ tịch Hồ Chí Minh. Đây là trung tâm chính trị và tâm linh quan trọng, thu hút hàng triệu lượt khách ghé thăm.	07:30	11:30	None	4.5	19698	73	lang_chu_tich_ho_chi_minh.png	Lịch sử, Văn hóa	1	Hùng Vương	Điện Biên	Ba Đình	Hà Nội	21.0370475062201,105.83468815767	Ho Chi Minh's Mausoleum
 Di tích Nhà tù Hỏa Lò	50.000 VNĐ	Di tích Lịch sử	Khu di tích lịch sử nổi tiếng, từng là một trong những nhà tù lớn và kiên cố nhất của thực dân Pháp ở Đông Dương. Nơi đây trưng bày các hiện vật tái hiện lại tinh thần đấu tranh bất khuất của các chiến sĩ cách mạng.	08:00	17:00	0825112668	4.5	19977	92	nha_tu_hoa_lo.png	Lịch sử, Văn hóa	1	P. Hoả Lò	Trần Hưng Đạo	Hoàn Kiếm	Hà Nội	21.02549493966,105.846665854631	Hoa Lo Prison
Chùa Một Cột	0	Di tích Lịch sử	Ngôi chùa có kiến trúc độc đáo, được xây dựng từ thế kỷ 11. Chùa được thiết kế theo hình một đóa hoa sen mọc lên từ mặt nước, tượng trưng cho sự thanh khiết.	07:00	18:00	None	4.3	9827	88	chua_mot_cot.png	Tâm linh, Kiến trúc		P. Chùa Một Cột	Đội Cấn	Ba Đình	Hà Nội	21.0359278318311,105.8334375	One Pillar Pagoda
Bảo tàng Dân tộc học Việt Nam	40.000 VNĐ	Văn hóa	Bảo tàng trưng bày và giới thiệu sâu rộng về văn hóa và tập quán sinh hoạt của 54 dân tộc Việt Nam. Có khu ngoài trời tái hiện kiến trúc nhà ở truyền thống.	08:30	17:30	02437562193	4.6	14287	69	bao_tang_dan_toc_hoc_viet_nam.png	Văn hóa, Lịch sử		Nguyễn Văn Huyên	Quan Hoa	Cầu Giấy	Hà Nội	21.0404723757223,105.798628132047	Vietnam Museum of Ethnology
Hồ Tây	0	Khu vui chơi, giải trí	Hồ nước tự nhiên lớn nhất và lãng mạn nhất tại Hà Nội. Hồ Tây là trung tâm cảnh quan và văn hóa, xung quanh có nhiều di tích nổi tiếng như chùa Trấn Quốc, phủ Tây Hồ.	24/24	24/24	None	4.7	5441	85	ho_tay.png	Thiên nhiên, Giải trí				Tây Hồ	Hà Nội	21.0544275169237,105.825195190878	West Lake
Nhà thờ Lớn Hà Nội	0	Công trình Kiến trúc	Nhà thờ chính tòa của Tổng giáo phận Hà Nội, có kiến trúc Gothic Trung cổ tuyệt đẹp, được xây dựng từ năm 1886.	08:00 & 14:00	11:00 & 17:00	None	4.6	6373	98	nha_tho_lon_ha_noi.png	Tâm linh, Kiến trúc	1	P. Nhà Thờ	Hàng Trống	Hoàn Kiếm	Hà Nội	21.0287659431892,105.8488606	St. Joseph Cathedral
Bảo tàng Phụ nữ Việt Nam	0	Văn hóa	Nơi trưng bày các hiện vật, tài liệu về lịch sử và vai trò của người phụ nữ Việt Nam qua các thời kỳ, từ các cuộc chiến tranh cho đến cuộc sống thường ngày.	08:00	17:00	02439365973	4.4	6017	77	bao_tang_phu_nu_viet_nam.png	Văn hóa, Lịch sử	36	P. Lý Thường Kiệt	Trần Hưng Đạo	Hoàn Kiếm	Hà Nội	21.0235937223974,105.851650459514	Vietnamese Women's Museum
Chùa Trấn Quốc	0	Di tích Lịch sử	Ngôi chùa cổ nhất ở Hà Nội, nằm trên một hòn đảo nhỏ phía Đông Hồ Tây, là trung tâm Phật giáo nổi tiếng và là nơi ngắm hoàng hôn lý tưởng.	07:30 & 13:30	11:00 & 17:00	None	4.4	46051	75	chua_tran_quoc.png	Tâm linh, Kiến trúc		Thanh Niên	Yên Phụ	Tây Hồ	Hà Nội	21.047988635156,105.836892595833	Tran Quoc Pagoda
Phố Tạ Hiện	30.000 – 150.000	Văn hóa ẩm thực	Được mệnh danh là "Phố Bia" hay "Phố Tây". Nổi tiếng với không khí sôi động về đêm, các quán bia hơi và ẩm thực đường phố, thu hút du khách trong và ngoài nước.	24/24	24/24	None	4.6	582	93	pho_ta_hien.png	Giải trí, Văn hóa		Phố cổ Hà Nội	Hoàn Kiếm	Hoàn Kiếm	Hà Nội	21.0351957579915,105.852174273009	P. Tạ Hiện
Chợ đêm đồng xuân	100.000 VND	Văn hóa	Khu chợ đêm lớn và sầm uất nhất ở khu vực phố cổ Hà Nội. Chợ là nơi buôn bán đa dạng các mặt hàng, là một trải nghiệm văn hóa mua sắm và ẩm thực đặc trưng.	Sôi nổi vào ban đêm	Sôi nổi vào ban đêm	0975744688	4.1	600	89	cho_dem_dong_xuan.png	Giải trí, Mua sắm		Ng. Đồng Xuân	Đồng Xuân	Hoàn Kiếm	Hà Nội	21.038146898272,105.849081128357	Chợ đêm Đồng Xuân - ngành hàng ẩm thực
Chợ Hoa Đêm Quảng Bá	100.000 VND	Văn hoá	Chợ đầu mối hoa lớn nhất và nổi tiếng nhất miền Bắc, hoạt động từ đêm khuya đến rạng sáng. Chợ là nơi mua bán các loại hoa tươi đa dạng, thể hiện nét văn hóa lãng mạn của người Hà Nội.	21:00	07:00	None	3.8	21	89	cho_hoa_dem_quang_ba.png	Văn hóa, Mua sắm	236	Âu Cơ	phường Tây Hồ	TP. Hà Nội	Hà Nội	21.066676440268,105.82789884491	Chợ Hoa Quảng An - Âu Cơ
Đền Quán Thánh	10.000 VNĐ	Di tích lịch sử	Ngôi đền cổ kính nằm bên Hồ Tây, thờ thần Huyền Thiên Trấn Vũ. Nổi tiếng với pho tượng đồng đen Huyền Thiên Trấn Vũ nặng gần 4 tấn, cao gần 4m, được đúc từ thế kỷ 17.	08:00	17:00		4.5	4777	75	Den_Quan_Thanh.png	Tâm linh, Lịch sử	190	Quán Thánh	Quán Thánh	Ba Đình	Hà Nội	21.0462217348423,105.835945386569	Quan Thanh Temple
Phủ Chủ tịch	40.000 VNĐ	Di tích lịch sử	Nơi sống và làm việc của Chủ tịch Hồ Chí Minh trong khuôn viên Lăng.	7:30	16:00	02438455128	4.6	932	96	Phu_Chu_Tich.png	Lịch sử, Kiến trúc	2	Hùng Vương	Ngọc Hà	Ba Đình	Hà Nội	21.041547227553,105.833876186569	Presidential Palace
Di tích Cửa Bắc	30.000 VNĐ	Di tích lịch sử	Di tích cổng thành duy nhất còn lại của thành cổ Hà Nội, thờ Nguyễn Tri Phương.	8:00	17:00		4.5	1,322	96	Cua_Bac.png	Lịch sử, Kiến trúc	56	Phan Đình Phùng	Quán Thánh	Ba Đình	Hà Nội	21.0439504338744,105.841257625922	Di tích Cửa Bắc-Hà Nội
Nhà sàn Bác Hồ	40.000 VNĐ	Di tích lịch sử	(Vé chung Phủ CT) Nơi Bác ở và làm việc lâu nhất (1958-1969).	7:30	16:00		4.8	1559	90	Nha_San_Bac_Ho.png	Lịch sử, Thiên nhiên	1	Hoàng Hoa Thám	Ngọc Hà	Ba Đình	Hà Nội	21.0410421085521,105.831883041048	Ho Chi Minh’s Stilt House
Đền Bạch Mã	0	Đền	Trấn Đông Thăng Long, thờ thần Long Đỗ, kiến trúc gỗ đặc sắc.	8:00	17:00		4.6	1213	79	Den_Bach_Ma.png	Tâm linh, Lịch sử	76	Hàng Buồm	Hàng Buồm	Hoàn Kiếm	Hà Nội	21.0381858993303,105.851780877612	Bach Ma Temple
Đền Ngọc Sơn	30.000 VNĐ	Đền	Di tích quốc gia đặc biệt trên đảo Ngọc, cầu Thê Húc dẫn vào.	8:00	18:00		4.5	12194	88	Den_Ngoc_Son.png	Tâm linh, Lịch sử		Đinh Tiên Hoàng	Hàng Trống	Hoàn Kiếm	Hà Nội	21.0347766691244,105.851776118288	Ngoc Son Temple
Đền thờ Vua Lê Thái Tổ	0	Đền	Tượng đài vua Lê trả gươm báu, nằm trong cụm di tích Hồ Gươm.	7:00	18:00		4.6	258	79	Den_Vua_Le.png	Tâm linh, Lịch sử	16	Lê Thái Tổ	Hàng Trống	Hoàn Kiếm	Hà Nội	21.0320528646263,105.850746150006	King Le Thai To's Temple
Đền Bà Kiệu	0	Đền	Đền thờ Mẫu Liễu Hạnh, nằm đối diện đền Ngọc Sơn qua đường.	8:00	17:00		4.5	189	50	Den_Ba_Kieu.png	Tâm linh, Văn hóa	59	Đinh Tiên Hoàng	Lý Thái Tổ	Hoàn Kiếm	Hà Nội	21.0341899542512,105.85326131145	Đền Bà Kiệu
Chùa Quán Sứ	0	Chùa	Trụ sở Giáo hội Phật giáo VN, nơi thường xuyên tổ chức lễ lớn.	6:00	19:00	02439422427	4.7	3184	30	Chua_Quan_Su.png	Tâm linh, Văn hóa	73	Quán Sứ	Trần Hưng Đạo	Hoàn Kiếm	Hà Nội	21.0271399772235,105.845536549109	Chùa Quán Sứ
Làng cổ Đường Lâm	20.000 VNĐ	Di tích lịch sử	Làng cổ đá ong, quê hương hai vua, giữ nét quê Bắc Bộ xưa.	8:00	17:00		4.4	1708	82	Lang_Co_Duong_Lam.png	Văn hóa, Lịch sử		Đường Lâm	Đường Lâm	Sơn Tây	Hà Nội	21.1604869246711,105.470752858981	Duong Lam Ancient Village
Khu Khảo Cổ Hoàng Thành	30.000 VNĐ	Di tích lịch sử	Khu khảo cổ 18 Hoàng Diệu, trưng bày hiện vật nghìn năm Thăng Long.	8:00	17:00	02437345427	4.6	153	82	Khu_Khao_Co.png	Lịch sử, Văn hóa	19C	Hoàng Diệu	Điện Biên	Ba Đình	Hà Nội	21.0397478639308,105.839204172835	Khu Khảo Cổ Hoàng Thành Thăng Long
Điện Kính Thiên	30.000 VNĐ	Di tích lịch sử	Nền điện trung tâm Hoàng Thành, nơi vua ngự thiết triều xưa.	8:00	17:00		4.7	360	74	Dien_Kinh_Thien.png	Lịch sử, Kiến trúc	9	Hoàng Diệu	Điện Biên	Ba Đình	Hà Nội	21.0397478639308,105.840405802532	Kinh Thien Palace
Nhà Cổ Hà Nội (87 Mã Mây)	10.000 VNĐ	Di tích lịch sử	Ngôi nhà di sản bảo tồn nguyên vẹn kiến trúc nhà ống thế kỷ 19.	8:00	17:30	02438282828	4.3	72	94	Nha_Co_87MaMay.png	Văn hóa, Kiến trúc	87	Mã Mây	Hàng Buồm	Hoàn Kiếm	Hà Nội	21.0363832692912,105.854310374746	Heritage House
Thánh đường Al-Noor	0	Di tích lịch sử	Thánh đường Hồi giáo duy nhất ở Hà Nội, kiến trúc Ả Rập.	8:00	20:00		4.4	1567	84	Al_Noor_Mosque.png	Tâm linh, Văn hóa	12	Hàng Lược	Hàng Mã	Hoàn Kiếm	Hà Nội	21.0428064021512,105.848708174746	Masjid Al Noor Hanoi
Nhà Lưu niệm HCM	0	Di tích lịch sử	Nơi Bác viết Lời kêu gọi Toàn quốc kháng chiến (1946).	8:00	17:00		4.6	12	88	Nha_Luu_Niem.png	Lịch sử, Văn hóa		Làng lụa Vạn Phúc	Vạn Phúc	Hà Đông	Hà Nội	21.0367181573928,105.850081465829	Nhà Lưu Niệm Bác Hồ
Chùa Láng	0	Chùa	"Đệ nhất tùng lâm", chùa rộng và đẹp thờ Thiền sư Từ Đạo Hạnh.	7:00	18:00		4.6	3053	75	Chua_Lang.png	Tâm linh, Lịch sử	116	Chùa Láng	Láng Thượng	Đống Đa	Hà Nội	21.0286048954751,105.803741602532	Lang Pagoda
Phủ Tây Hồ	0	Đền	Di tích thờ Mẫu Liễu Hạnh trên bán đảo Hồ Tây, rất đông khách cầu tài.	5:00	19:00		4.6	4727	69	Phu_Tay_Ho.png	Tâm linh, Văn hóa	52	Đặng Thai Mai	Quảng An	Tây Hồ	Hà Nội	21.0576468783865,105.82087505102	Phủ Tây Hồ
Ô Quan Chưởng	0	Di tích lịch sử	Cửa ô cổ kính, biểu tượng lịch sử của khu phố cổ.	24/24	24/24		4.5	2811	94	O_Quan_Chuong.png	Lịch sử, Kiến trúc		Hàng Chiếu - Đào Duy Từ	Đồng Xuân	Hoàn Kiếm	Hà Nội	21.04059596566,105.852716318376	Ô Quan Chưởng
Đình Kim Ngân	0	Di tích lịch sử	Đình thờ tổ nghề kim hoàn, nơi giao lưu văn hóa phố cổ.	8:00	17:00		4.4	110	74	Dinh_Kim_Ngan.png	Văn hóa, Tâm linh	42	Hàng Bạc	Hàng Bạc	Hoàn Kiếm	Hà Nội	21.0369270997978,105.852607372835	Đình Kim Ngân
Chùa Vạn Niên	0	Chùa	Chùa nghìn năm tuổi ven Hồ Tây, kiến trúc gỗ toàn bộ độc đáo.	8:00	18:00		4.7	1954	74	Chua_Van_Nien.png	Tâm linh, Kiến trúc	364	Lạc Long Quân	Xuân La	Tây Hồ	Hà Nội	21.0693652423324,105.81321293223	Van Nien pagoda
Chùa Diên Hựu	0	Chùa	(Chùa Một Cột) Di tích kiến trúc độc đáo hình đài sen giữa hồ.	7:00	18:00		4.6	9845	82	Chua_Mot_Cot.png	Tâm linh, Lịch sử		Chùa Một Cột	Đội Cấn	Ba Đình	Hà Nội	21.0381258680826,105.83278233016	One Pillar Pagoda
Nhà Thờ Hàm Long	0	Di tích lịch sử	Nhà thờ Công giáo lớn, nổi tiếng với hai mặt tiền đường phố.	8:00	17:00	02438254269	4.5	1525	60	Nha_Tho_Ham_Long.png	Tâm linh, Kiến trúc	21	Hàm Long	Phan Chu Trinh	Hoàn Kiếm	Hà Nội	21.0261074406385,105.855279782136	St Anthony Ham Long Church
Chùa Lý Triều Quốc Sư	0	Chùa	Chùa thờ thiền sư Nguyễn Minh Không, ngay cạnh Nhà thờ Lớn.	8:00	17:00		4.5	235	73	Chua_Ly_Trieu.png	Tâm linh, Lịch sử	50	Lý Quốc Sư	Hàng Trống	Hoàn Kiếm	Hà Nội	21.0342068377727,105.847220331817	Ly Trieu Quoc Su Pagoda
Chùa Hòe Nhai	0	Chùa	Chùa Hồng Phúc Tự, có tượng Phật ngồi trên lưng vua.	8:00	18:00		4.6	504	70	Chua_Hoe_Nhai.png	Tâm linh, Lịch sử	19	Hàng Than	Nguyễn Trung Trực	Ba Đình	Hà Nội	21.0457278756182,105.847670744715	Hồng Phúc Tự - Hòe Nhai Pagoda
Đền Hai Bà Trưng	0	Đền	Đền Đồng Nhân, di tích quốc gia đặc biệt thờ hai nữ anh hùng.	8:00	17:00		4.6	155	88	Den_Hai_Ba_Trung.png	Tâm linh, Lịch sử	12	Hương Viên	Đồng Nhân	Hai Bà Trưng	Hà Nội	21.0152847610286,105.855910491212	Đền Hai Bà Trưng
Cổng làng Văn La	0	Di tích lịch sử	Kiến trúc cổng làng truyền thống được bảo tồn giữa đô thị hóa.	24/24	24/24		4.3	115	90	Cong_Lang_Van_La.png	Kiến trúc, Văn hóa		Văn La	Phú La	Hà Đông	Hà Nội	20.9686529596408,105.761668709046	Van La Village Gate
Nhà Cổ Hà Nội (Khác)	10.000 VNĐ	Di tích lịch sử	(Trùng lặp mục 87 Mã Mây) Đại diện cho các nhà cổ khác.	8:00	17:30		4.3	72	78	Nha_Co_Ha_Noi_2.png	Văn hóa, Kiến trúc	87	Mã Mây	Hàng Buồm	Hoàn Kiếm	Hà Nội	21.0426380264881,105.852329751562	Heritage House
Nhà Đại tướng Võ Nguyên Giáp	0	Di tích lịch sử	Biệt thự Pháp cổ, nơi Đại tướng sống (chỉ viếng ngoài hoặc dịp lễ).				4.8	41	65	Nha_Dai_Tuong.png	Lịch sử, Văn hóa	30	Hoàng Diệu	Điện Biên	Ba Đình	Hà Nội	21.0394337145393,105.842716713982	Nhà Đại tướng Võ Nguyên Giáp
Đền Mẫu Cửu Ninh Sở	0	Đền	Đền thờ Mẫu Cửu Trùng Thiên với kiến trúc chạm khắc gỗ tinh xảo.	7:00	18:00		4.7	40	91	Den_Mau_Cuu.png	Tâm linh, Văn hóa		Ninh Sở	Ninh Sở	Thường Tín	Hà Nội	20.9002295842858,105.88469573559	Đền Mẫu Cửu Ninh Sở
Di chỉ Vườn Chuối	0	Di tích lịch sử	Gò đất khảo cổ quan trọng, dấu vết người Việt cổ cư trú.				4	12	93	Di_Chi_Vuon_Chuoi.png	Lịch sử		Lai Xá	Kim Chung	Hoài Đức	Hà Nội	21.0666357902445,105.70925298943	Di chỉ khảo cổ học Vườn Chuối
Đình làng Huỳnh Cung	0	Di tích lịch sử	Đình thờ tướng Phạm Tu, kiến trúc cổ kính.	8:00	17:00		4.5	25	75	Dinh_Huynh_Cung.png	Tâm linh, Văn hóa		Huỳnh Cung	Tam Hiệp	Thanh Trì	Hà Nội	20.9617227773357,105.827512218093	Đình làng Huỳnh Cung
Đình - Chùa Hạ Trại	0	Chùa	Quần thể tâm linh làng Hạ Trại (Đình thờ thần, Chùa thờ Phật).	8:00	17:00		4.4	18	70	Dinh_Chua_Ha_Trai.png	Tâm linh, Lịch sử		Hạ Trại	Ninh Sở	Thường Tín	Hà Nội	21.0236978756007,105.901044255672	Đình - Chùa Hạ Trại
Ngôi Nhà Di Sản	10.000 VNĐ	Di tích lịch sử	Tên gọi khác của Nhà cổ 87 Mã Mây (Di sản cấp Quốc gia).	8:00	17:30		4.4	72	79	Ngoi_Nha_Di_San.png	Văn hóa, Kiến trúc	87	Mã Mây	Hàng Buồm	Hoàn Kiếm	Hà Nội	21.0505036037844,105.854858631787	Heritage House
Quan Su House (Đỗ Family)	50.000 VNĐ	Di tích lịch sử	Bảo tàng tư nhân Đỗ Family, không gian nghệ thuật và cổ vật.	9:00	17:00		4.6	44	74	Do_Family_Museum.png	Kiến trúc, Lịch sử	28	Quán Sứ	Hàng Bông	Hoàn Kiếm	Hà Nội	21.0296682999797,105.84561826981	Quan Su House - Đỗ Family Museum
Đèo Ô Quy Hồ	0	Danh lam thắng cảnh	Một trong tứ đại đỉnh đèo, điểm săn mây và ngắm hoàng hôn hùng vĩ.				4.7	713	85	deo_o_quy_ho.png				Sơn Bình	Tam Đường	Lai Châu	22.3638674948315,103.765547270884	Đèo Ô Quy Hồ
Khu Du Lịch Cầu Kính Rồng Mây	500.000 VNĐ	Khu du lịch	Khu du lịch mạo hiểm với cầu kính vươn ra vách núi và thang máy ngoài trời (Giá vé trọn gói).	7:00	18:00	0386679610	4.4	3188	75	cau_kinh_rong_may.png			QL4D	Sơn Bình	Tam Đường	Lai Châu	22.3726108497088,103.757992862033	Khu Du Lịch Cầu Kính Rồng Mây
Động PuSamCap	50.000 VNĐ	Hang động	Quần thể hang động đá vôi đẹp nhất Lai Châu, được ví như "Tây Bắc đệ nhất động".	24/24	24/24	02136252345	4.3	272	65	dong_pusamcap.png			Bế Văn Đàn	Nậm Loỏng	TP Lai Châu	Lai Châu	22.3859658038523,103.410923469439	Động PuSamCap
Đồi chè Tân Uyên	0	Danh lam thắng cảnh	Đồi chè xanh ngát trải dài, là điểm check-in nổi tiếng của huyện Tân Uyên.				4.6	48	72	doi_che_tan_uyen.png				Tân Uyên	Tân Uyên	Lai Châu	22.2088799571927,103.74004847129	Đồi chè Tân Uyên
Thác Tác Tình	20.000 VNĐ	Danh lam thắng cảnh	Thác nước hoang sơ gắn liền với truyền thuyết tình yêu của người Dao.	24/24	24/24	0329005222	4.6	402	78	thac_tac_tinh.png				Tam Đường	Tam Đường	Lai Châu	22.3475016072759,103.614001531346	Thác Tác Tình
Bản Sì Thâu Chải	30.000 VNĐ	Văn hóa/Cộng đồng	Bản người Dao đầu bằng trên núi cao, điểm săn mây và dù lượn lý tưởng.			0964496401	4.5	334	70	ban_si_thau_chai.png				Hồ Thầu	Tam Đường	Lai Châu	22.3615917917217,103.602998342454	Bản Sì Thâu Chải
Guồng Nước Nà Khương	20.000 VNĐ	Danh lam thắng cảnh	Hệ thống cọn nước (guồng nước) khổng lồ bên dòng suối Nậm Mu thơ mộng.				4.3	104	60	guong_nuoc_na_khuong.png				Bản Bo	Tam Đường	Lai Châu	22.2390956343689,103.678950827111	Cọn nước Nà Khương
Cánh Đồng Mường Than	0	Danh lam thắng cảnh	Cánh đồng lúa lớn thứ ba Tây Bắc, đẹp nhất vào mùa lúa chín tháng 9.				4.7	34	75	canh_dong_muong_than.png				Mường Than	Than Uyên	Lai Châu	21.9886500970952,103.918389544306	Cánh Đồng Mường Than
Khu nghỉ dưỡng suối nước nóng Phong Thổ LC	50.000 VNĐ	Khu du lịch sinh thái	Khu tắm khoáng nóng có dịch vụ ngâm tắm, ăn uống (Giá vé tắm khoáng).	6:00	23:00	0914861305	4.0	65	40	suoi_nuoc_nong_phong_tho.png				Phong Thổ	Phong Thổ	Lai Châu	22.5235174485635,103.326009654095	Suối khoáng nóng Vàng Pó
Phu Ta Leng	0	Du lịch mạo hiểm	Đỉnh núi cao thứ 3 Việt Nam, nổi tiếng với rừng đỗ quyên cổ thụ.				4.9	27	82	phu_ta_leng.png					Tam Đường	Lai Châu	22.4338287452354,103.568662263478	Đỉnh Pu Ta Leng
Đỉnh Phan Xi Păng	800.000 VNĐ	Danh lam thắng cảnh	Nóc nhà Đông Dương, điểm đến mơ ước với hệ thống cáp treo hiện đại và quần thể tâm linh (Giá vé cáp treo).				4.7	522	84	dinh_phan_xi_pang.png				San Sả Hồ	Sa Pa	Lào Cai	22.3052693185644,103.781740038176	Fanxipan Mountain
Khu Du Lịch Cát Cát - Sapa	150.000 VNĐ	Văn hóa/Cộng đồng	Bản làng cổ đẹp nhất Tây Bắc của người H'Mông với suối, thác và những nếp nhà gỗ truyền thống.	6:00	18:00	0943602200	4.1	9215	68	kdl_cat_cat.png				Cát Cát	Sa Pa	Lào Cai	22.3312232842045,103.834611465752	Cat Cat Tourism Village
Nhà Thờ Đá Sapa	0	Di tích lịch sử	Biểu tượng của thành phố sương mù, kiến trúc Gothic Pháp cổ toàn vẹn nhất còn sót lại.	6:00	21:00		4.4	8120	80	nha_tho_da_sapa.png				Hàm Rồng	Sa Pa	Lào Cai	22.3353265740721,103.842692329503	Sa Pa Stone Church
Thung lũng Mường Hoa	150.000 VNĐ	Danh lam thắng cảnh	Thiên đường ruộng bậc thang và bãi đá cổ (Giá vé tàu hỏa leo núi Mường Hoa).				4.6	614	80	thung_lung_muong_hoa.png				Lao Chải	Sa Pa	Lào Cai	22.314312030337,103.877728622905	Mường Hoa Valley
Chợ Văn Hóa Bắc Hà	0	Văn hóa/Chợ phiên	Phiên chợ lớn nhất vùng cao biên giới, nơi hội tụ màu sắc văn hóa của các dân tộc thiểu số (Họp Chủ nhật).	7:30	21:00		4.3	2098	70	cho_van_hoa_bac_ha.png				Bắc Hà	Bắc Hà	Lào Cai	22.5350583542951,104.293464040622	Bắc Hà Market
Dinh thự Hoàng A Tưởng	20.000 VNĐ	Di tích lịch sử	Dinh thự "Vua Mèo" bề thế giữa cao nguyên trắng, kiến trúc kết hợp Á - Âu độc đáo.	8:00	17:00	02143780662	4.1	2215	62	dinh_thu_hoang_a_tuong.png		257	Ngọc Uyển	Bắc Hà	Bắc Hà	Lào Cai	22.5412544379755,104.296144181097	Hoang A Tuong Palace
Choản Thèn	0	Danh lam thắng cảnh	Công viên Y Tý với những ngôi nhà trình tường hình nấm độc đáo của người Hà Nhì, điểm săn mây lý tưởng.	24/24	24/24		4.5	361	70	choan_then_y_ty.png				Y Tý	Bát Xát	Lào Cai	22.6642439069752,103.603021198813	Choản Thèn Look out
Đền Hoàng Bẩy - Đền Bảo Hà	0	Văn hóa/Tâm linh	Đền thờ thần vệ quốc Hoàng Bảy, điểm du lịch tâm linh nổi tiếng linh thiêng bên bờ sông Hồng.			0369911970	4.7	1727	90	den_hoang_bay.png				Bảo Hà	Bảo Yên	Lào Cai	22.1709202268869,104.352783846701	Hoang Bay Temple
Bản Tả Phìn - SaPa	40.000 VNĐ	Văn hóa/Cộng đồng	Nơi sinh sống của người Dao Đỏ, nổi tiếng với dịch vụ tắm lá thuốc và tu viện cổ.	24/24	24/24		4.3	87	60	ban_ta_phin.png				Tả Phìn	Sa Pa	Lào Cai	22.3992058292103,103.841119703854	Bản Tả Phìn - SaPa
Cửa khẩu Quốc tế Lào Cai	0	Địa điểm check-in	Cửa ngõ giao thương quan trọng, điểm check-in cột mốc biên giới và đền Mẫu.	7:00	17:00	02143832680	4.3	570	66	cua_khau_lao_cai.png		1	Nguyễn Huệ		Lào Cai	Lào Cai	22.5072431133781,103.968293887983	Lao Cai International Border Gate Administration Center
Đồi A1	20.000 VNĐ	Di tích lịch sử	Cứ điểm quan trọng bậc nhất của thực dân Pháp ở Điện Biên Phủ.	7:00	17:30		4.5	2700	78	doi_a1.png			Hoàng Văn Thái	Mường Thanh	TP Điện Biên Phủ	Điện Biên	21.3831217157809,103.017882212305	A1 Hill
Hầm chỉ huy Tập đoàn cứ điểm Điện Biên Phủ	20.000 VNĐ	Di tích lịch sử	Hầm Đờ Cát, nơi tướng De Castries bị quân đội Việt Nam bắt sống.	8:00	17:30		4.3	2408	68	ham_do_cat.png			Nguyễn Hữu Thọ	Thanh Trường	TP Điện Biên Phủ	Điện Biên	21.3850021410286,103.011316794588	French Commander Bunker of Dien Bien Phu
Bảo tàng Chiến thắng Điện Biên Phủ	100.000 VNĐ	Bảo tàng	Nơi trưng bày hiện vật và bức tranh Panorama tái hiện toàn cảnh chiến dịch (Giá vé bao gồm tranh).	7:00	17:30	02153831341	4.7	998	88	bao_tang_chien_thang_dbp.png			Võ Nguyên Giáp	Mường Thanh	TP Điện Biên Phủ	Điện Biên	21.380924518631,103.016053215493	Dien Bien Phu Victory Museum
Sở chỉ huy Chiến dịch Điện Biên Phủ	15.000 VNĐ	Di tích lịch sử	Nơi Đại tướng Võ Nguyên Giáp làm việc và chỉ huy chiến dịch suốt 105 ngày đêm.				4.6	305	76	so_chi_huy_muong_phang.png			QL279B	Mường Phăng	TP Điện Biên Phủ	Điện Biên	21.454037421892,103.160336058339	Dien Bien Phu Campaign Command Headquarters
Hồ Pa Khoang	0	Danh lam thắng cảnh	Hồ nước rộng lớn nằm giữa rừng nguyên sinh, không khí trong lành.				4.5	83	68	ho_pa_khoang.png				Mường Phăng	TP Điện Biên Phủ	Điện Biên	21.4350361081206,103.102010408815	Hồ Pa Khoang
Cánh đồng Mường Thanh	0	Danh lam thắng cảnh	Cánh đồng lúa lớn nhất vùng Tây Bắc, vựa lúa của tỉnh Điện Biên.	24/24	24/24		4.7	79	76	canh_dong_muong_thanh.png				Thanh Xương	Điện Biên	Điện Biên	21.3663089743387,103.019042894588	Cánh đồng Mường Thanh
Deo Pha Din	0	Danh lam thắng cảnh	Một trong tứ đại đỉnh đèo Tây Bắc, ranh giới tự nhiên giữa Sơn La và Điện Biên.				4.5	276	70	deo_pha_din.png			Bá Khâm	Mường É	Thuận Châu	Sơn La	21.5660341332182,103.530954685248	Pha Din Pass
Mốc giới số 0 - Điểm Cực Tây Tổ Quốc	0	Địa điểm check-in	Cột mốc A Pa Chải tại ngã ba biên giới Việt - Lào - Trung.				4.8	306	88	a_pa_chai.png				Sín Thầu	Mường Nhé	Điện Biên	22.4012544459507,102.144911333209	Mốc giới số 0 - Điểm Cực Tây Tổ Quốc
Tượng đài Chiến Thắng Điện Biên Phủ	20.000 VNĐ	Di tích lịch sử	Tượng đài bằng đồng lớn nhất Việt Nam đặt trên đồi D1.	0:00	23:30		4.6	1292	84	tuong_dai_chien_thang.png				Mường Thanh	TP Điện Biên Phủ	Điện Biên	21.3921600690448,103.019461421571	Dien Bien Phu Victory Monument
Thành Bản Phủ	0	Di tích lịch sử	Thành lũy cổ do thủ lĩnh Hoàng Công Chất xây dựng thế kỷ 18.	7:00	19:00		4.2	304	55	thanh_ban_phu.png				Thanh Yên	Điện Biên	Điện Biên	21.3168745067623,103.004890600667	Thành Bản Phủ
Nhà tù Sơn La	20.000 VNĐ	Di tích lịch sử	Di tích quốc gia đặc biệt, nơi thực dân Pháp giam cầm các chiến sĩ cộng sản, nổi tiếng với cây đào Tô Hiệu.	7:30	17:30	02123850221	4,3	2092	68	nha_tu_son_la.png			Khau Cả	Tô Hiệu	TP Sơn La	Sơn La	21.3312963890857,103.908049701849	Sơn La Prison Landmark
Thác Dải Yếm	50.000 VNĐ	Danh lam thắng cảnh	Thác nước 2 tầng đẹp như dải yếm của người con gái, nằm bên cạnh Cầu kính Tình Yêu.	7:00	19:00	02122222333	4,2	1670	60	thac_dai_yem.png			Bản Vật	Mường Sang	Mộc Châu	Sơn La	20.8130428734642,104.591889236233	Thác Dải Yếm
Rừng thông Bản Áng	60.000 VNĐ	Khu du lịch	Khu rừng thông bên hồ nước thơ mộng, được ví như "Đà Lạt thu nhỏ" của Tây Bắc.	7:00	22:00	02122488666	4.2	478	56	rung_thong_ban_ang.png		39	Rừng thông Bản Áng	Đông Sang	Mộc Châu	Sơn La	20.8289817471391,104.63246455952	Đồi thông Bản Áng
Đồi chè Trái Tim	0	Danh lam thắng cảnh	Đồi chè xanh ngát được tạo hình trái tim độc đáo, biểu tượng của du lịch Mộc Châu.	24/24	24/24		4.4	1.392	72	doi_che_trai_tim.png				NT Mộc Châu	Mộc Châu	Sơn La	20.8907877648083,104.686461271164	Đồi chè Trái Tim
Thung lũng mận Nà Ka	30.000 VNĐ	Danh lam thắng cảnh	Thung lũng mận đẹp nhất Mộc Châu, trắng xóa hoa vào mùa xuân và đỏ rực quả vào mùa hè.	24/24	24/24	0913219456	4.5	2041	76	thung_lung_man_na_ka.png			ĐT104	NT Mộc Châu	Mộc Châu	Sơn La	20.8968909764758,104.653485500742	Na Ka Plum Valley
Cầu kính Bạch Long	550.000 VNĐ	Khu du lịch	Cầu kính đi bộ dài nhất thế giới (Guinness), điểm đến hấp dẫn tại Mộc Châu Island.	7:00	20:00	02123839999	4.4	1340	72	cau_kinh_bach_long.png				Mường Sang	Mộc Châu	Sơn La	20.8493839472598,104.570339773013	Bạch Long glass bridge
Đỉnh Pha Luông	20.000 VNĐ	Du lịch mạo hiểm	"Nóc nhà Mộc Châu", ranh giới tự nhiên Việt - Lào, nổi tiếng trong bài thơ Tây Tiến.				4.6	361	77	dinh_pha_luong.png				Chiềng Sơn	Mộc Châu	Sơn La	20.674092238476,104.631347930685	Đỉnh Pha Luông
Hang Dơi	20.000 VNĐ	Danh lam thắng cảnh	"Tây Thiên đệ nhất động" với hệ thống nhũ đá kỳ ảo và đàn dơi sinh sống lâu đời.	6:00	17:00		4.2	1272	58	hang_doi_moc_chau.png			QL6 	TT Mộc Châu	Mộc Châu	Sơn La	20.8503118562557,104.638918740479	Hang Dơi
Ngũ Động Bản Ôn	20.000 VNĐ	Du lịch mạo hiểm	Hệ thống 5 hang động hoang sơ nằm sâu trong rừng, chưa bị thương mại hóa nhiều.	24/24	24/24	0899261588	4.2	187	52	ngu_dong_ban_on.png				NT Mộc Châu	Mộc Châu	Sơn La	20.8733094706998,104.711617753972	Ngũ Động Bản Ôn
Thủy điện Sơn La	0	Công trình	Nhà máy thủy điện lớn nhất Đông Nam Á, công trình thế kỷ trên dòng sông Đà.	24/24	24/24	02122230030	4,5	156	69	thuy_dien_son_la.png				Ít Ong	Mường La	Sơn La	21.4975992442464,103.997052355821	Sơn La hydropower plant
Happy Land Mộc Châu	60.000 VNĐ	Khu du lịch	Khu du lịch tràn ngập hoa, có trại cừu và các trò chơi giải trí, homestay ống cống độc đáo.	7:00	19:00	0977588886	3.9	2813	50	happy_land_moc_chau.png			QL43	Mường Sang	Mộc Châu	Sơn La	20.838598643228,104.579570233081	Mộc Châu Happy Land
Ruộng Bậc Thang Mù Cang Chải	20.000 VNĐ	Danh lam thắng cảnh	Di tích quốc gia đặc biệt, đẹp ngỡ ngàng vào mùa nước đổ và mùa lúa chín.				4.7	181	78	ruong_bac_thang_mcc.png				Dế Su Phình	Mù Cang Chải	Yên Bái	21.815981970807,104.12824293585	Ruộng bậc thang Mù Cang Chải
Khu Suối Khoáng Cường Hải	120.000 VNĐ	Khu du lịch sinh thái	Suối khoáng nóng tự nhiên, thích hợp nghỉ dưỡng (Giá vé tắm khoáng cho khách vãng lai).			0943208704	4.2	1430	59	khu_suoi_khoang_cuong_hai.png				Tổ dân phố 3	Trạm Tấu	Yên Bái	21.4576051303169,104.382478855821	Tram Tau Hot Spring
Hồ Thác Bà	0	Danh lam thắng cảnh	"Hạ Long trên núi" với hơn 1.300 đảo lớn nhỏ, là hồ nhân tạo lớn nhất nhì Việt Nam.				4.5	244	70	ho_thac_ba.png				Hán Đà	Yên Bình	Yên Bái	21.7277400635648,105.021431815342	Hồ Thác Bà
Đồi Mâm Xôi La Pán Tẩn	20.000 VNĐ	Địa điểm check-in	Biểu tượng của Mù Cang Chải, thửa ruộng tròn đều như mâm xôi vàng rực mùa lúa chín (Phí vào điểm chụp ảnh).	24/24	24/24		4.6	1530	85	doi_mam_xoi.png				La Pán Tẩn	Mù Cang Chải	Yên Bái	21.7929690351897,104.152584925509	Rice Tray Viewpoint Mâm Xôi
Chợ Mường Lò	0	Văn hóa/Chợ phiên	Chợ lớn thứ hai Tây Bắc, trung tâm văn hóa Xòe Thái.			02163870176	4.3	953	67	cho_muong_lo.png				Trung Tâm	Nghĩa Lộ	Yên Bái	21.6026118059399,104.512366017192	Chợ Mường Lò
Đỉnh Tà Chì Nhù	0	Du lịch mạo hiểm	"Đại dương mây" trên mặt đất, thiên đường trekking săn hoa Chi Pâu.				4.8	142	84	dinh_ta_chi_nhu.png				Xà Hồ	Trạm Tấu	Yên Bái	21.5679848193827,104.313400669314	Đỉnh Tà Chì Nhù
Thác Háng Đề Chơ	0	Du lịch mạo hiểm	Thác nước hùng vĩ và khó chinh phục nhất Tây Bắc, nằm sâu trong rừng già.				4.9	96	86	thac_hang_de_cho.png				Tà Si Láng	Trạm Tấu	Yên Bái	21.4420747588058,104.581050572089	Thác Háng Tề Chơ
Khu Di tích Căng và Đồn Nghĩa Lộ	0	Di tích lịch sử	Khu di tích lịch sử cách mạng, ghi dấu chiến công giải phóng Nghĩa Lộ năm 1952.				4.4	362	68	di_tich_nghia_lo.png			Nguyễn Quang Bích	Tân An	Nghĩa Lộ	Yên Bái	21.6007243582923,104.50440099815	Di tích Căng và Đồn Nghĩa Lộ
Đèo Mã Pí Lèng	0	Danh lam thắng cảnh	Một trong "Tứ đại đỉnh đèo", cung đường hiểm trở và hùng vĩ bậc nhất Việt Nam.				4.8	765	90	deo_ma_pi_leng.png				Pải Lủng	Mèo Vạc	Hà Giang	23.241261456321,105.400257492061	Đèo Mã Pí Lèng
Cột Cờ Lũng Cú	25.000 VNĐ	Biểu tượng thiêng liêng	Điểm cực Bắc thiêng liêng của Tổ quốc, nơi có lá cờ 54m² tượng trưng cho 54 dân tộc.	24/24	24/24		4.6	8486	92	cot_co_lung_cu.png				Lũng Cú	Đồng Văn	Hà Giang	23.3635242898447,105.316546863222	Cột cờ Lũng Cú
Sông Nho Quế	100.000 VNĐ	Danh lam thắng cảnh	Dòng sông xanh ngọc bích chảy qua hẻm vực Tu Sản (Giá tham khảo cho dịch vụ thuyền).				4.8	827	91	song_nho_que.png				Xín Cái	Mèo Vạc	Hà Giang	23.1997099907425,105.473725133863	Sông Nho Quế
Phố Cổ Đồng Văn	20.000 VNĐ	Di tích lịch sử	Khu phố cổ tồn tại hơn trăm năm, mang đậm nét kiến trúc truyền thống của người Mông, Hoa.	7:00	23:30		4.5	2513	78	pho_co_dong_van.png				Phố Cổ	Đồng Văn	Hà Giang	23.2782809109383,105.361506746029	Phố cổ Đồng Văn
Dinh Vua Mèo	30.000 VNĐ	Di tích lịch sử	Dinh thự kiến trúc Á-Âu cổ kính, nơi ở của Vua Mèo Vương Chính Đức.	7:30	17:00		4.4	6607	79	dinh_vua_meo.png				Xà Phìn	Đồng Văn	Hà Giang	23.2564468708712,105.262148042328	Dinh Vua Mèo (Họ Vương)
Cổng Trời Quản Bạ	0	Danh lam thắng cảnh	Điểm dừng chân lý tưởng để ngắm nhìn toàn cảnh Núi Đôi Cô Tiên và thung lũng Quản Bạ.	24/24	24/24		4.5	4375	82	cong_troi_quan_ba.png			QL4C	Quản Bạ	Quản Bạ	Hà Giang	23.0494296849599,104.992838132536	Cổng Trời Quản Bạ
Ruộng Bậc Thang Hoàng Su Phì	20.000 VNĐ	Danh lam thắng cảnh	Di tích quốc gia đặc biệt, nổi tiếng với ruộng bậc thang vào mùa lúa chín vàng rực.				4.7	91	76	ruong_bac_thang_hsp.png				Sán Sả Hồ	Hoàng Su Phì	Hà Giang	22.699511477986,104.654889581496	Ruộng bậc thang Hoàng Su Phì
Hà Giang cột mốc số 0	0	Biểu tượng check-in	Điểm xuất phát của mọi hành trình khám phá Cao nguyên đá Đồng Văn.	24/24	24/24		4.7	2364	91	cot_moc_km0.png		39/6	An Cư	Tổ Dân Phố 6	TP Hà Giang	Hà Giang	22.827483142624,104.984095430686	Cột mốc KM0 Hà Giang
Thảo nguyên Suôi Thầu	30.000 VNĐ	Danh lam thắng cảnh	"Thụy Sĩ thu nhỏ" với những cánh đồng cỏ và hoa rộng lớn, khí hậu mát mẻ.	24/24	24/24	0332446153	4.6	362	77	thao_nguyen_suoi_thau.png				Nàn Ma	Xín Mần	Hà Giang	22.6810415758968,104.439439226985	Thảo nguyên Suôi Thầu (Xín Mần)
Làng văn hóa Lũng Cẩm	10.000 VNĐ	Văn hóa/Cộng đồng	Nơi có "Nhà của Pao", bối cảnh phim nổi tiếng, kiến trúc truyền thống người Mông.				4.5	188	69	lang_van_hoa_lung_cam.png				Sủng Là	Đồng Văn	Hà Giang	23.2270906593604,105.201773642328	Làng văn hóa Lũng Cẩm (Nhà của Pao)
Thác Bản Giốc	45.000 VNĐ	Danh lam thắng cảnh	Thác nước xuyên quốc gia hùng vĩ nhất Việt Nam, nơi dòng Quây Sơn đổ xuống qua nhiều tầng đá vôi.				4.6	10427	94	thac_ban_gioc.png			Sông Quy Xuân	Đàm Thuỷ	Trùng Khánh	Cao Bằng	22.8544835912086,106.724287753608	Thác Bản Giốc
Động Ngườm Ngao	40.000 VNĐ	Hang động	Hang động đá vôi lớn, thạch nhũ đa dạng, nằm cách Thác Bản Giốc không xa.	7:30	17:00		4.6	949	82	dong_nguom_ngao.png				Đàm Thuỷ	Trùng Khánh	Cao Bằng	22.8456262314527,106.705740511642	Động Ngườm Ngao
Khu du lịch Pác Bó	25.000 VNĐ	Di tích lịch sử	Khu di tích quốc gia đặc biệt, nơi Bác Hồ về nước lãnh đạo cách mạng (gồm Hang Pác Bó, Suối Lê Nin).	7:00	17:00		4.6	746	81	khu_di_tich_pac_bo.png				Trường Hà	Hà Quảng	Cao Bằng	22.9779093878141,106.050463288357	Khu di tích Pác Bó
Hồ Thang Hen	30.000 VNĐ	Danh lam thắng cảnh	Quần thể 36 hồ nước liên thông nhau trên núi cao, tạo nên khung cảnh thủy mặc yên bình.				4.1	231	45	ho_thang_hen.png				Quốc Toản	Trà Lĩnh	Cao Bằng	22.7589239618154,106.294285182536	Hồ Thang Hen
Đèo Mã Phục	0	Danh lam thắng cảnh	Đèo nổi tiếng với hai khối đá vôi lớn dựng đứng (Mã Phục), là cửa ngõ quan trọng đi vào các huyện phía Đông.				4.5	158	69	deo_ma_phuc.png				Quốc Toản	Trà Lĩnh	Cao Bằng	22.7289350192566,106.336506277255	Núi Mắt Thần (Núi Thủng)
Làng đá cổ Khuổi Ky	0	Văn hóa/Cộng đồng	Ngôi làng cổ truyền thống của người Tày, nổi bật với những nếp nhà sàn đá độc đáo.				4.4	14	60	lang_da_khoi_ky.png				Đàm Thuỷ	Trùng Khánh	Cao Bằng	22.8549689383533,106.700934657671	Đèo Mã Phục
Chùa Phật Tích Trúc Lâm Bản Giốc	0	Văn hóa/Tâm linh	Chùa nằm trên ngọn đồi gần Thác Bản Giốc, là nơi thờ anh hùng dân tộc Nùng Trí Cao.				4.7	203	78	chua_truc_lam_ban_gioc.png				Đàm Thuỷ	Trùng Khánh	Cao Bằng	22.8510375363645,106.723182944178	Làng đá cổ Khuổi Ky
Khau Coc Cha (Đèo 15 tầng)	0	Du lịch mạo hiểm	Cung đường đèo nổi tiếng với 15 tầng dốc uốn lượn, thách thức các tay lái xe mô tô.	24/24	24/24	0911584596	4.7	1097	89	deo_khau_coc_cha.png				Xuân Trường	Bảo Lạc	Cao Bằng	22.9264484505733,105.783310488357	Chùa Phật Tích Trúc Lâm Bản Giốc
Vườn Quốc Gia Phia Oắc - Phia Đén	0	Danh lam thắng cảnh	Khu bảo tồn thiên nhiên đa dạng sinh học, đỉnh núi cao với khí hậu lạnh, nơi từng có di tích kiến trúc Pháp cổ.				4.7	137	77	vuon_quoc_gia_phia_oac.png				Thành Công	Nguyên Bình	Cao Bằng	22.5839005783641,105.883965366114	Đèo Khau Cốc Chà (Đèo 15 tầng)
Thác Nặm Trá	0	Danh lam thắng cảnh	Thác nước hoang sơ nằm gần Núi Mắt Thần, là điểm check-in ít người biết hơn.	24/24	24/24		4.5	126	68	thac_nam_tra.png				Cao Chương	Trùng Khánh	Cao Bằng	22.7778032449161,106.316703886507	Vườn Quốc Gia Phia Oắc - Phia Đén
Đèo Khau Liêu	0	Danh lam thắng cảnh	Cung đường đèo có cảnh quan ruộng bậc thang đẹp, nằm trong khu vực Công viên địa chất Non nước Cao Bằng.				4.1	25	40	deo_khau_lieu.png				Trùng Khánh	Trùng Khánh	Cao Bằng	22.7531747541168,106.464591177255	Thác Nặm Trá
Di tích Rừng Trần Hưng Đạo	0	Di tích lịch sử	Nơi thành lập Đội Việt Nam Tuyên truyền Giải phóng quân (tiền thân Quân đội Nhân dân Việt Nam) năm 1944.	24/24	24/24	0961316286	4.5	122	68	rung_tran_hung_dao.png				Tam Kinh	Nguyên Bình	Cao Bằng	22.5919127724772,106.04107535158	Đèo Khau Liêu
Khu Di tích Lịch sử Kim Đồng	25.000 VNĐ	Di tích lịch sử	Khu di tích tưởng niệm anh hùng liệt sĩ Kim Đồng, nằm gần Pác Bó.	5:30	18:30		4.5	607	74	khu_di_tich_kim_dong.png				Trường Hà	Hà Quảng	Cao Bằng	22.9329871552685,106.046521588357	Khu di tích Rừng Trần Hưng Đạo
Đền Vua Lê	0	Di tích lịch sử	Đền thờ Vua Lê Thái Tổ (Lê Lợi), nằm trong khu vực thành phố Cao Bằng.				4.4	29	62	den_vua_le_cb.png				làng Đến	Hòa An	Cao Bằng	22.7076456804675,106.176591828835	Khu Di tích Kim Đồng
Núi Mắt Thần	0	Danh lam thắng cảnh	Kỳ quan thiên nhiên độc đáo với một hang xuyên núi hình tròn, nằm gần Hồ Thang Hen.	5:30	17:00		4.7	1003	88	nui_mat_than.png				Cao Chương	Trùng Khánh	Cao Bằng	22.7742496695496,106.317897234386	Đền Vua Lê (Đền Vua Lê Thái Tổ)
Hồ Ba Bể	0	Danh lam thắng cảnh	Hồ nước ngọt tự nhiên lớn nhất Việt Nam, nằm trong Vườn Quốc gia Ba Bể.				4.5	1153	75	ho_ba_be.png				Nam Mẫu	Ba Bể	Bắc Kạn	22.4058339304342,105.622373353721	Ba Be Lake
Vườn Quốc gia Ba Bể	30.000 VNĐ	Khu bảo tồn	Khu bảo tồn đa dạng sinh học nổi tiếng, phí áp dụng cho vé vào cổng.	24/24	24/24	0965125189	4.4	2055	74	vuon_quoc_gia_ba_be.png				Bố Lù	Ba Bể	Bắc Kạn	22.396475692305,105.615802244177	Ba Bể National Park
Động Puông	30.000 VNĐ	Hang động	Hang động đá vôi xuyên núi, nơi dòng sông Năng chảy qua, tạo nên cảnh quan hùng vĩ.	7:00	20:00		4.5	185	69	dong_puong.png				Khang Ninh	Ba Bể	Bắc Kạn	22.4577867156555,105.65803721719	Puong Cave
Thác Đầu Đẳng	0	Danh lam thắng cảnh	Thác nước ba tầng hoang sơ, thường được tham quan trong hành trình đi thuyền trên sông Năng.	24/24	24/24		4.3	335	64	thac_dau_dang.png				Nam Mẫu	Ba Bể	Bắc Kạn	22.4525842612086,105.570773275674	Đầu Đẳng Waterfall
Ao tiên - Fairy pond	0	Danh lam thắng cảnh	Hồ nước nhỏ trên núi, nước trong xanh, gắn liền với truyền thuyết.				5	1	70	ao_tien_ba_be.png				Nam Mẫu	Ba Bể	Bắc Kạn	22.4485174669035,105.618095215367	Ao tiên - Fairy pond
Đền An Mạ	0	Văn hóa/Tâm linh	Ngôi đền thiêng nằm trên đảo An Mạ giữa lòng hồ Ba Bể.	24/24	24/24		5	2	72	den_an_ma.png				Nam Mẫu	Ba Bể	Bắc Kạn	22.4123847744073,105.61535165322	Đền An Mạ
Động Hua Mạ	25.000 VNĐ	Hang động	Hang động lớn, chứa đựng nhiều nhũ đá tuyệt đẹp và gắn liền với truyền thuyết về Mã Lạng Tướng Quân.				4.6	225	75	dong_hua_ma.png				Quảng Khê	Ba Bể	Bắc Kạn	22.3519511886803,105.676902503697	Hua Ma Cave
Đèo Gió (Ngân Sơn)	0	Danh lam thắng cảnh	Cung đèo uốn lượn, nổi tiếng với không khí lạnh và mây mù bao phủ.				4.6	41	72	deo_gio_ngan_son.png				Nà Phặc	Ngân Sơn	Bắc Kạn	22.414662985786,105.947141353421	Đèo Gió (Ngân Sơn)
Chùa Thạch Long	0	Văn hóa/Tâm linh	Ngôi chùa cổ kính nằm trong hang đá, là điểm đến tâm linh nổi tiếng.				4.5	166	69	chua_thach_long.png				Cao Kỳ	Chợ Mới	Bắc Kạn	22.0391144210404,105.846193551572	Chùa Thạch Long
Khu di tích Quốc gia đặc biệt Tân Trào	20.000 VNĐ	Di tích lịch sử	Thủ đô Khu giải phóng, nơi diễn ra Quốc dân Đại hội, điểm lịch sử quan trọng.			02076566866	4.7	170	78	kdt_tan_trao.png				Tân Trào	Sơn Dương	Tuyên Quang	21.7746533767721,105.472215474868	Khu di tích Quốc gia đặc biệt Tân Trào
Di tích lịch sử Lán Nà Lừa	20.000 VNĐ	Di tích lịch sử	Nơi Chủ tịch Hồ Chí Minh đã ở và làm việc trước khi về Hà Nội.				4.7	16	74	lan_na_lua.png				Tân Trào	Sơn Dương	Tuyên Quang	21.7749908899337,105.485116105557	Di tích lịch sử Lán Nà Lừa
Hồ Thủy điện Na Hang	40.000 VNĐ	Danh lam thắng cảnh	Hồ thủy điện lớn, được mệnh danh là "Hạ Long trên cạn" của Tuyên Quang (Phí tham quan Khu Bảo tồn).				4.5	189	69	ho_na_hang.png				TT. Na Hang	Na Hang	Tuyên Quang	22.3688701831823,105.399104170346	hồ Thủy điện Na Hang
Điểm Du Lịch Thác Mơ	40.000 VNĐ	Danh lam thắng cảnh	Thác nước đẹp nằm trong Khu Bảo tồn thiên nhiên Na Hang (Phí tham quan chung).			0988486112	4	197	42	thac_mo_tq.png			QL279	TT. Nà Hang	Na Hang	Tuyên Quang	22.353028896832,105.419716039041	Điểm Du Lịch Thác Mơ
Thác Bản Ba	70.000 VNĐ	Danh lam thắng cảnh	Thác nước 3 tầng hùng vĩ, là danh thắng cấp Quốc gia.			0358145555	4.5	118	68	thac_ban_ba.png				Trung Hà	Chiêm Hóa	Tuyên Quang	22.3435693620215,105.060252761686	Thác Bản Ba
Đền Hạ	0	Văn hóa/Tâm linh	Ngôi đền thiêng thờ Công chúa Phương Dung, nằm bên bờ Sông Lô.	24/24	24/24	0968525336	4.6	197	75	den_ha_tq.png		39	Đ. Chiến Thắng Sông Lô	P. Tân Quang	TP Tuyên Quang	Tuyên Quang	21.8128696102303,105.215065947885	Đền Hạ
Di tích Thành cổ Tuyên Quang	0	Di tích lịch sử	Di tích kiến trúc quân sự cổ, hiện chỉ còn lại một số cổng thành và tường thành.	24/24	24/24	0359113096	4.3	578	66	thanh_co_tq.png			Đ. Bình Thuận	P. Tân Quang	TP Tuyên Quang	Tuyên Quang	21.8193803841397,105.214911126983	Relics of the Mac
Bảo tàng Tỉnh Tuyên Quang	0	Văn hóa/Lịch sử	Nơi trưng bày hiện vật lịch sử, văn hóa của tỉnh Tuyên Quang.	8:00	17:00		4.3	234	63	bao_tang_tq.png				P. Phan Thiết	TP Tuyên Quang	Tuyên Quang	21.8197417234763,105.209883963229	Tuyên Quang Provincial Museum
Đền Pác Tạ	0	Văn hóa/Tâm linh	Đền thờ Công chúa Phương Dung (còn gọi là Nàng Quý), nằm bên lòng hồ Na Hang.	24/24	24/24	0399674545	4.6	33	72	den_pac_ta.png				Khau Tinh	Na Hang	Tuyên Quang	22.3818104618034,105.398032873016	Đền Pác Tạ
Khu du lịch sinh thái và nghỉ dưỡng Nam Phương Hồ Núi Cốc	130.000 VNĐ	Khu du lịch	Khu vui chơi giải trí tổng hợp bên Hồ Núi Cốc.				4.2	64	78	nam_phuong_ho_nui_coc.png				Phúc Trìu	TP Thái Nguyên	Thái Nguyên	21.5640228464451,105.727207712944	Bản đồ Hồ Núi Cốc
điểm thăm quan chè tân cương thủy toán	0	Thắng cảnh	Điểm tham quan vùng chè đặc sản Tân Cương.			0986434259	3.9	60	74	che_tan_cuong_thuy_toan.png				Tân Cương	TP Thái Nguyên	Thái Nguyên	21.543258234628,105.760188726986	Bản đồ Đồi chè Tân Cương
Du lịch ATK Định Hóa ( ATK) An Toàn Khu	20.000 VNĐ	Di tích lịch sử	Di tích quốc gia đặc biệt, trung tâm kháng chiến chống Pháp.	8:00	17:30	0979759123	4.5	909	69	atk_dinh_hoa.png			Tỉn Keo - ATK	Phú Đinh	Định Hóa	Thái Nguyên	21.7879644986287,105.509734813493	Bản đồ ATK Định Hóa
Khu Du Lịch Hang Phượng Hoàng	50.000 VNĐ	Hang động	Hang động tự nhiên hùng vĩ và Suối Mỏ Gà.			02083505506	4.2	39	42	hang_phuong_hoang.png			QL1B	Phú Thượng	Võ Nhai	Thái Nguyên	21.7752320127839,106.119435284657	Bản đồ Khu Du Lịch Hang Phượng Hoàng
Bảo tàng Văn hóa các Dân tộc Việt Nam	30.000 VNĐ	Bảo tàng	Nơi lưu giữ văn hóa của 54 dân tộc anh em.			02083855781	4.4	1735	68	bao_tang_van_hoa_dan_toc.png			Đường Đội Cấn	Trưng Vương	TP Thái Nguyên	Thái Nguyên	21.5968915320107,105.838460971164	Bản đồ Bảo tàng
Chùa Hang	0	Văn hóa/Tâm linh	Ngôi chùa nằm trong hang núi độc đáo (Kim Sơn Tự).			02083622067	4.5	758	75	chua_hang.png			QL1B	Chùa Hang	Đồng Hỷ	Thái Nguyên	21.6236500282988,105.841751373013	Bản đồ Chùa Hang
Đền Đuổm	0	Văn hóa/Tâm linh	Đền thờ Dương Tự Minh, kiến trúc cổ kính dưới chân núi.	24/24	24/24		4.5	72	66	den_duom.png			QL3	Xóm Đuổm (Động Đạt)	Phú Lương	Thái Nguyên	21.7553205055318,105.707396488356	Bản đồ Đền Đuổm
Khu bảo tồn Làng nhà sàn Dân tộc Sinh thái Thái Hải	150.000 VNĐ	Khu du lịch	Khu bảo tồn nhà sàn và văn hóa dân tộc Tày, Nùng.			0832192184	4.2	1498	63	lang_nha_san_thai_hai.png			Khu du lịch Thái Hải	Xóm Cường (Thịnh Đức)	TP Thái Nguyên	Thái Nguyên	21.5337996799621,105.815323280316	Bản đồ Làng Thái Hải
Khu Du Lịch Sinh Thái Hồ Kim Đĩnh	0	Danh lam thắng cảnh	Hồ sinh thái thích hợp cắm trại và dã ngoại.	24/24	24/24	0868265068	3.9	448	72	ho_kim_dinh.png				Tân Kim	Phú Bình	Thái Nguyên	21.5033573235566,105.995012178561	Bản đồ Hồ Kim Đĩnh
Thác Ngao	0	Danh lam thắng cảnh	Thác nước tự nhiên hoang sơ tại sườn đông Tam Đảo.	24/24	24/24		4.4	256	50	thac_ngao.png				Quân Chu	Đại Từ	Thái Nguyên	21.4758537150835,105.672893044178	Bản đồ Thác Ngao
Khu Du Lịch Mẫu Sơn	0	Khu du lịch	Khu nghỉ dưỡng trên núi, nổi tiếng với khí hậu mát mẻ, sương mù và băng tuyết vào mùa đông.	8:00	19:00	1900088845	4.1	1133	35	khu_du_lich_mau_son.png				Mẫu Sơn	Lộc Bình	Lạng Sơn	21.8490033724884,106.917225699999	Khu Du Lịch Mẫu Sơn
Chùa Tam Thanh	20.000 VNĐ	Di tích lịch sử	Ngôi chùa nổi tiếng nằm trong động Tam Thanh, có tượng A Di Đà tạc vào vách đá.				4.4	1176	74	chua_tam_thanh.png				Tam Thanh	TP Lạng Sơn	Lạng Sơn	21.8557924115906,106.747204886506	Tam Thanh
Núi Tô Thị	0	Danh lam thắng cảnh	Ngọn núi có tảng đá tự nhiên hình người phụ nữ bồng con, gắn liền với sự tích Hòn Vọng Phu.				3.4	14	48	nui_to_thi.png			Nà Pan	Hoàng Đồng	TP Lạng Sơn	Lạng Sơn	21.8504526848305,106.7353822	Núi Tô Thị
Thành Nhà Mạc	0	Di tích lịch sử	Phế tích thành cổ kiên cố được xây dựng từ thế kỷ 16, nằm cheo leo trên núi.	24/24	24/24		4.3	620	73	thanh_nha_mac.png			Tô Thị	Tam Thanh	TP Lạng Sơn	Lạng Sơn	21.8573689244684,106.749472318492	Citadel of Mạc Dynasty
Ải Chi Lăng	0	Di tích lịch sử	Cửa ải lịch sử hiểm trở, ghi dấu nhiều chiến công chống giặc ngoại xâm phương Bắc.	24/24	24/24		4.5	302	73	ai_chi_lang.png			QL1	Chi Lăng	Chi Lăng	Lạng Sơn	21.6200733625128,106.542066828835	Đền mẫu
Đền Mẫu Đồng Đăng	0	Văn hóa/Tâm linh	Ngôi đền linh thiêng thờ Phật và Mẫu Thượng Ngàn, điểm đến tâm linh nổi tiếng vùng biên.				4.6	1112	68	den_mau_dong_dang.png		61	Hoàng Văn Thụ	Đồng Đăng	Cao Lộc	Lạng Sơn	21.9516773689262,106.69719770315	Đền mẫu
Đền Kỳ Cùng	0	Văn hóa/Tâm linh	Đền thờ quan lớn Tuần Tranh, nằm ngay đầu cầu Kỳ Cùng, kiến trúc độc đáo hướng ra sông.				4.5	573	60	den_ky_cung.png				Vĩnh Trại	TP Lạng Sơn	Lạng Sơn	21.8514820539019,106.758076544178	Temple United Together
Thung Lũng Hoa Bắc Sơn	50.000 VNĐ	Danh lam thắng cảnh	Thung lũng hoa tam giác mạch và các loài hoa khác rực rỡ giữa lòng chảo Bắc Sơn.	24/24	24/24	0912618368	4.1	218	45	thung_lung_hoa_bac_son.png				Trấn Yên	Bắc Sơn	Lạng Sơn	21.8234508790398,106.364912938082	Bac Son Flower Valley
Chợ Đông Kinh	0	Mua sắm	Trung tâm thương mại sầm uất nhất Lạng Sơn, bày bán nhiều hàng hóa điện tử, gia dụng.	7:00	18:00	0912327420	3.9	3968	66	cho_dong_kinh.png			Phai Vệ	Vĩnh Trại	TP Lạng Sơn	Lạng Sơn	21.8514508119297,106.76096108226	Cửa khẩu Hữu Nghị
Cửa khẩu Hữu Nghị	0	Địa điểm check-in	Cửa khẩu quốc tế quan trọng nối liền Việt Nam và Trung Quốc, nơi đặt cột mốc 1116.	24/24	24/24		4.4	505	55	cua_khau_huu_nghi.png			QL1A	Đồng Đăng	Cao Lộc	Lạng Sơn	21.9708111434678,106.711541124588	Cửa khẩu Hữu Nghị
Khu di tích và danh thắng Tây Yên Tử	260.000 VNĐ	Danh lam thắng cảnh	Quần thể di tích lịch sử - văn hóa và danh thắng tâm linh hùng vĩ (Giá vé cáp treo khứ hồi).	24/24	24/24		4.5	1067	72	tay_yen_tu.png				Tây Yên Tử	Sơn Động	Bắc Giang	21.1850647866596,106.724609924609	Khu di tích Tây Yên Tử
Chùa Vĩnh Nghiêm	0	Di tích lịch sử	Ngôi chùa cổ lưu giữ kho mộc bản kinh Phật được UNESCO công nhận là Di sản tư liệu ký ức thế giới.			0912221323	4.6	1196	20	chua_vinh_nghiem.png				Trí Yên	Yên Dũng	Bắc Giang	21.2136393182853,106.324229811638	Chùa Vĩnh Nghiêm
Khu Tưởng niệm Chiến thắng Xương Giang	0	Di tích lịch sử	Nơi ghi dấu chiến công lừng lẫy của quân và dân Đại Việt chống quân Minh thế kỷ 15.	8:00	18:00		4.5	31	66	chien_thang_xuong_giang.png				Xương Giang	TP Bắc Giang	Bắc Giang	21.2916519962049,106.213921668789	Khu Tưởng niệm Chiến thắng Xương Giang
Đình Thổ Hà	0	Di tích lịch sử	Ngôi đình làng cổ kính thuần Việt, nổi tiếng với nghệ thuật chạm khắc gỗ tinh xảo và nghề làm bánh đa.			0386213840	4.5	212	70	dinh_tho_ha.png			Làng Thổ Hà	Vân Hà	Việt Yên	Bắc Giang	21.2032070558644,106.04251171905	Đình Thổ Hà (Làng cổ)
Hồ Cấm Sơn	0	Danh lam thắng cảnh	Hồ nước rộng lớn, phong cảnh hữu tình, được ví như Vịnh Hạ Long trên núi của Bắc Giang.				4.3	291	83	ho_cam_son.png				Sơn Hải	Lục Ngạn	Bắc Giang	21.5366930961692,106.574279567869	Hồ Cấm Sơn
Khu du lịch Sinh thái Suối Mỡ	20.000 VNĐ	Khu du lịch	Điểm du lịch sinh thái kết hợp tâm linh (Đền Suối Mỡ), có suối thác mát mẻ.	24/24	24/24		4.3	271	72	kdl_suoi_mo.png				Nghĩa Phương	Lục Nam	Bắc Giang	21.2750505509753,106.485415495252	Suối Mỡ
Vịnh Hạ Long	290.000 VNĐ	Danh lam thắng cảnh	Di sản thiên nhiên thế giới với hàng nghìn hòn đảo đá vôi lớn nhỏ (Giá vé tham quan tuyến 1/2).				4.6	7935	45	vinh_ha_long.png					Hạ Long	Quảng Ninh	20.8161363893539,107.179284114648	Vịnh Hạ Long
Vịnh Bái Tử Long	0	Danh lam thắng cảnh	Vịnh biển hoang sơ, yên bình nằm kế bên Vịnh Hạ Long, thích hợp nghỉ dưỡng.				4.6	322	52	vinh_bai_tu_long.png					Vân Đồn	Quảng Ninh	20.9545912293806,107.269084748556	Vịnh Bái Tử Long
Đảo Cô Tô	0	Khu du lịch	Hòn đảo xinh đẹp với những bãi biển xanh ngắt, bãi đá Cầu Mỵ và hải đăng (Phí tàu cao tốc ~250k).				4.6	750	70	dao_co_to.png					Cô Tô	Quảng Ninh	20.9934450653784,107.759242887316	Đảo Cô Tô
Đảo Quan Lạn	0	Khu du lịch	Đảo nổi tiếng với những bãi cát trắng mịn trải dài và di tích lịch sử đình Quan Lạn.				4.4	628	74	dao_quan_lan.png				Quan Lạn	Vân Đồn	Quảng Ninh	20.8844753957813,107.51329373173	Đảo Quan Lạn
Biển Trà Cổ	0	Danh lam thắng cảnh	Bãi biển dài nhất Việt Nam, nơi địa đầu Tổ quốc với vẻ đẹp trữ tình.				4.5	77	84	bien_tra_co.png				Trà Cổ	Móng Cái	Quảng Ninh	21.4842555680464,108.060681391546	Bãi biển Trà Cổ
Bãi tắm Bãi Cháy	0	Danh lam thắng cảnh	Bãi tắm nhân tạo rộng lớn, hiện đại nằm ngay trung tâm du lịch Hạ Long.	6:30	18:00		4.3	2069	65	bai_tam_bai_chay.png			Đường Kỳ Quan	Bãi Cháy	Hạ Long	Quảng Ninh	20.9472450778413,107.050235475638	Bãi Cháy
Đảo Tuần Châu	280.000 VNĐ	Khu du lịch	Khu du lịch giải trí quốc tế với bến cảng nhân tạo lớn nhất Việt Nam và các show diễn cá heo.				4.5	1544	69	dao_tuan_chau.png				Tuần Châu	Hạ Long	Quảng Ninh	20.9277375221535,106.986777035248	Đảo Tuần Châu
Danh Thắng Yên Tử	40.000 VNĐ	Danh lam thắng cảnh	Đất tổ của Phật giáo Trúc Lâm Việt Nam, quần thể chùa chiền trên đỉnh núi thiêng (Vé cáp treo riêng).			02036534789	4.5	7210	63	danh_thang_yen_tu.png				Thượng Yên Công	Uông Bí	Quảng Ninh	21.1302362896369,106.729235349218	Danh thắng Yên Tử
Chùa Ba Vàng	0	Văn hóa/Tâm linh	Ngôi chùa có chính điện lớn nhất Việt Nam, kiến trúc tráng lệ trên lưng chừng núi Thành Đẳng.	6:00	18:30	02036557799	4.5	7630	63	chua_ba_vang.png			Tổ 17B khu 5A	Quang Trung	Uông Bí	Quảng Ninh	21.068475979287,106.764774865084	Chùa Ba Vàng
Ðền Cửa Ông	0	Văn hóa/Tâm linh	Đền thờ Hưng Nhượng Đại Vương Trần Quốc Tảng, địa điểm tâm linh nổi tiếng nhìn ra vịnh Bái Tử Long.				4.6	2172	91	den_cua_ong.png				Cửa Ông	Cẩm Phả	Quảng Ninh	21.0275669726095,107.371012534394	Đền Cửa Ông
Bảo tàng Quảng Ninh	40.000 VNĐ	Bảo tàng	Công trình kiến trúc độc đáo lấy cảm hứng từ than đá, nơi lưu giữ văn hóa và lịch sử vùng đất mỏ.	8:00	17:00		4.5	11051	76	bao_tang_quang_ninh.png			Trần Quốc Nghiễn	Hồng Gai	Hạ Long	Quảng Ninh	20.9488279166619,107.097690384676	Bảo tàng Quảng Ninh
Núi Bài Thơ	0	Danh lam thắng cảnh	Ngọn núi đá vôi nằm giữa lòng thành phố, nơi lưu lại các bài thơ của vua Lê Thánh Tông và chúa Trịnh Cương.				4.5	132	81	nui_bai_tho.png			Hàng Nồi	Hồng Gai	Hạ Long	Quảng Ninh	20.9477658435144,107.078917514563	Núi Bài Thơ
Công viên Sun World Halong	350.000 VNĐ	Khu du lịch	Tổ hợp vui chơi giải trí đẳng cấp với công viên Rồng, công viên nước và cáp treo Nữ Hoàng.	14:00	20:00	0989200699	4.5	100	70	sun_world_halong.png		9	Đường Hạ Long	Bãi Cháy	Hạ Long	Quảng Ninh	20.9557156072841,107.04962491297	Sun World Hạ Long Complex
YOKO ONSEN QUANG HANH	500.000 VNĐ	Khu du lịch	Khu nghỉ dưỡng suối khoáng nóng chuẩn Nhật Bản đầu tiên tại Việt Nam.	9:00	21:00		4.7	4387	68	yoko_onsen_quang_hanh.png			Tổ 5, khu 9B	Quang Hanh	Cẩm Phả	Quảng Ninh	20.9824319428011,107.204351813328	Yoko Onsen Quang Hanh
Đảo Cô Tô Con	0	Danh lam thắng cảnh	Hòn đảo quân sự nhỏ với bãi biển hoang sơ tuyệt đẹp, cần thuê tàu gỗ để ra đảo.				4.5	58	68	dao_co_to_con.png				Đồng Tiến	Cô Tô	Quảng Ninh	21.0399454371564,107.77446849447	Đảo Cô Tô Con
Chùa Phật Tích	0	Văn hóa/Tâm linh	Ngôi chùa cổ sở hữu tượng Phật A Di Đà bằng đá xanh lớn nhất Việt Nam thời Lý.	Mở cửa cả ngày	Mở cửa cả ngày		4.6	2810	75	chua_phat_tich.png		295	Thôn Phật Tích	Phật Tích	Tiên Du	Bắc Ninh	21.0940380081995,106.026185801852	Chùa Phật Tích
Đền Đô	0	Di tích lịch sử	Nơi thờ 8 vị vua triều Lý, nổi tiếng với kiến trúc cung đình và lễ hội truyền thống.	7:00	17:00		4.6	1438	88	den_do.png			Lý Thái Tổ	Tân Hồng	Từ Sơn	Bắc Ninh	21.1072422075706,105.960799024609	Đền Đô (Đền Lý Bát Đế)
Chùa Dâu	0	Văn hóa/Tâm linh	Ngôi chùa cổ nhất Việt Nam, trung tâm Phật giáo cổ xưa của vùng Luy Lâu.	Mở cửa cả ngày	Mở cửa cả ngày		4.6	2640	88	chua_dau.png			Lạc Long Quân	Thanh Khương	Thuận Thành	Bắc Ninh	21.0356187245792,106.042859220903	Chùa Dâu (Tổ đình Phật giáo Việt Nam)
Chùa Bút Tháp	0	Văn hóa/Tâm linh	Danh lam cổ tự nổi tiếng với tượng Phật Bà Quan Âm nghìn mắt nghìn tay và tháp Báo Nghiêm.	7:00	00:00		4.7	397	86	chua_but_thap.png			Bút Tháp		Thuận Thành	Bắc Ninh	21.0608282430064,106.02259829392	Chùa Bút Tháp
Đền Bà Chúa Kho	0	Văn hóa/Tâm linh	Điểm đến tâm linh nổi tiếng về cầu tài lộc, kinh doanh buôn bán, đặc biệt đông vào dịp đầu năm.	5:00	22:00	0919582712	4.6	5118	90	den_ba_chua_kho.png			Cổ Mễ		TP Bắc Ninh	Bắc Ninh	21.2051101035837,106.086497326851	Đền Bà Chúa Kho
Làng nghề gốm Phù Lãng	0	Làng nghề	Làng nghề gốm cổ truyền nổi tiếng với dòng gốm men da lươn độc đáo và mộc mạc.	Mở cửa cả ngày	Mở cửa cả ngày	0968080683	4.8	21	68	lang_gom_phu_lang.png			Thôn Đoàn Kết	Phù Lãng	Quế Võ	Bắc Ninh	21.1565518455277,106.254269603705	Làng gốm Phù Lãng
Côn Sơn – Kiếp Bạc	20.000 VNĐ	Di tích lịch sử	Quần thể di tích quốc gia đặc biệt, gắn liền với cuộc đời của Nguyễn Trãi và Trần Hưng Đạo.	Mở cửa cả ngày	Mở cửa cả ngày		4.6	391	68	con_son_kiep_bac.png				Hưng Đạo	Chí Linh	Hải Dương	21.1503636272785,106.327371294469	Chùa Phật Tích
Đảo Cò Chi Lăng	20.000 VNĐ	Khu du lịch sinh thái	Khu du lịch sinh thái độc đáo giữa lòng hồ An Dương, nơi cư trú của hàng ngàn con cò, vạc.				4.3	299	95	dao_co_chi_lang.png				Chi Lăng Nam	Thanh Miện	Hải Dương	20.7141385090706,106.228484699218	Đền Đô (Đền Lý Bát Đế)
Đền Quan Lớn Tuần Tranh	0	Văn hóa/Tâm linh	Ngôi đền linh thiêng bên bờ sông Tranh, thờ Quan Lớn Tuần Tranh (Vị tôn quan thứ 5 trong tín ngưỡng thờ Mẫu).	Mở cửa cả ngày	Mở cửa cả ngày		4.7	1324	66	den_quan_lon_tuan_tranh.png			QL37	Đồng Tâm	Ninh Giang	Hải Dương	20.7350218478455,106.395362651592	Chùa Dâu (Tổ đình Phật giáo Việt Nam)
Văn Miếu Mao Điền	0	Di tích lịch sử	Văn miếu cổ kính thứ 2 Việt Nam (sau Hà Nội), nơi tôn vinh đạo học và các bậc hiền tài xứ Đông.	7:00	18:00	0917764822	4.6	610	88	van_mieu_mao_dien.png			QL5	Cẩm Điền	Cẩm Giàng	Hải Dương	20.93487547692,106.186495830689	Chùa Bút Tháp
Công ty Cổ Phần Gốm Chu Đậu	30.000 VNĐ	Làng nghề	Nơi tham quan quy trình sản xuất gốm Chu Đậu nổi tiếng với nét vẽ dưới men lam tinh xảo.	7:30	17:30	0916936588	4.6	222	85	gom_chu_dau.png				Thái Tân	Nam Sách	Hải Dương	20.9843283668704,106.298623784655	Đền Bà Chúa Kho
Động Kính Chủ	5.000 VNĐ	Hang động	Di tích quốc gia, hang động đá vôi với hệ thống bia ma nhai (văn khắc trên đá) độc đáo.				4.5	46	87	dong_kinh_chu.png				Minh Tân	Kinh Môn	Hải Dương	21.033042741964,106.505486192067	Làng tranh dân gian Đông Hồ
Đền Cao An Phụ	10.000 VNĐ	Văn hóa/Tâm linh	Đền thờ An Sinh Vương Trần Liễu, nằm trên đỉnh núi An Phụ, nơi có tượng đài Trần Hưng Đạo uy nghi.				4.6	498	82	den_cao_an_phu.png				An Sinh	Kinh Môn	Hải Dương	21.0140283141185,106.493014080428	Làng gốm Phù Lãng
Du Lịch Phố Hiến	0	Di tích lịch sử	Quần thể di tích lịch sử văn hóa lâu đời, từng là thương cảng sầm uất "Thứ nhất Kinh Kỳ, thứ nhì Phố Hiến".				4.4	71	90	du_lich_pho_hien.png			Đường Điện Biên 2	Hồng Châu	TP Hưng Yên	Hưng Yên	20.6411930628924,106.056917557672	Khu di tích Phố Hiến
Văn Miếu Xích Đằng	0	Di tích lịch sử	Biểu tượng hiếu học của mảnh đất Hưng Yên, nơi thờ Khổng Tử và các bậc hiền tài.	24/24	24/24	0839736686	4.6	229	80	van_mieu_xich_dang.png			Lê Quý Đôn	Lam Sơn	TP Hưng Yên	Hưng Yên	20.6624656517294,106.049634995773	Văn Miếu Xích Đằng
Chùa Chuông	0	Văn hóa/Tâm linh	Được mệnh danh là "Phố Hiến đệ nhất danh lam", ngôi chùa cổ kính với kiến trúc đẹp và thanh tịnh.				4.6	1111	77	chua_chuong.png			Thôn Nhân Dục	Hiền Nam	TP Hưng Yên	Hưng Yên	20.6559298829218,106.050401290214	Chùa Chuông (Kim Chung Tự)
Đền Mẫu Hưng Yên	0	Văn hóa/Tâm linh	Ngôi đền linh thiêng thờ Dương Quý Phi, điểm đến tâm linh nổi tiếng nằm bên hồ Bán Nguyệt.				4.7	1018	63	den_mau_hung_yen.png		141	Bãi Sậy	Quang Trung	TP Hưng Yên	Hưng Yên	20.6446596574001,106.054576930689	Đền Mẫu Hưng Yên
Đền Chử Đồng Tử - Tiên Dung	0	Di tích lịch sử	Đền thờ một trong "Tứ bất tử" của tín ngưỡng Việt Nam, gắn liền với chuyện tình Chử Đồng Tử - Tiên Dung.	24/24	24/24		4.5	126	90	den_chu_dong_tu.png				Bình Minh	Khoái Châu	Hưng Yên	20.8806329118301,105.929185897626	Đền Chử Đồng Tử - Tiên Dung (Đền Đa Hòa)
Vịnh Lan Hạ	80.000 VNĐ	Danh lam thắng cảnh	Vịnh biển đẹp nhất Việt Nam với hàng trăm hòn đảo đá vôi, nước trong xanh, thích hợp chèo kayak và nghỉ dưỡng. (Vé tham quan chưa bao gồm tàu).				4.6	579	80	vinh_lan_ha.png						Hải Phòng	20.7418257692386,107.154964737374	Vịnh Lan Hạ
Bãi biển Đồ Sơn	0	Danh lam thắng cảnh	Bãi biển nổi tiếng lâu đời, chia làm 3 khu, nơi diễn ra lễ hội chọi trâu Đồ Sơn hàng năm.				4	724	75	bai_bien_do_son.png			Khu du lịch Đồ Sơn	Vạn Hương	Đồ Sơn	Hải Phòng	20.6876782321629,106.79633760689	Bãi biển Đồ Sơn
Quần đảo Cát Bà	0	Khu du lịch	Quần đảo gồm 367 đảo lớn nhỏ, là khu dự trữ sinh quyển thế giới với hệ sinh thái đa dạng.				4.6	1388	66	quan_dao_cat_ba.png						Hải Phòng	20.7912698562939,106.995288358014	Quần đảo Cát Bà
Vườn Quốc gia Cát Bà	80.000 VNĐ	Khu bảo tồn	Khu rừng nguyên sinh với hệ động thực vật phong phú, nổi tiếng với loài Voọc Cát Bà quý hiếm.	7:00	17:00	02253888741	4.5	4514	79	vuon_quoc_gia_cat_ba.png					Cát Hải	Hải Phòng	20.7936122401487,106.990016111638	Vườn Quốc gia Cát Bà
HÒN DẤU RESORT	100.000 VNĐ	Khu du lịch	Khu nghỉ dưỡng sinh thái biển với bãi tắm nhân tạo, hồ bơi tạo sóng và khu vui chơi giải trí (Vé vào cửa tham quan).			0945033496	3.9	335	64	hon_dau_resort.png			Khu 3	Vạn Hương	Đồ Sơn	Hải Phòng	20.6798432010289,106.804758797626	Hòn Dáu Resort (Đảo Hòn Dấu)
Chùa Dư Hàng	0	Văn hóa/Tâm linh	Ngôi chùa cổ (Phúc Lâm Tự) xây dựng từ thời Tiền Lê, kiến trúc bề thế với nhiều di vật quý.				4.5	754	75	chua_du_hang.png		121	Dư Hàng	Dư Hàng	Lê Chân	Hải Phòng	20.8476750978161,106.67594287726	Chùa Dư Hàng
Nhà hát Thành phố Hải Phòng	0	Di tích lịch sử	Công trình kiến trúc Pháp cổ điển hình (Nhà hát Lớn), biểu tượng văn hóa của thành phố Cảng.			02253745799	4.7	2156	83	nha_hat_lon_hp.png		28	Trần Hưng Đạo	Hoàng Văn Thụ	Hồng Bàng	Hải Phòng	20.8573209257749,106.682276339953	Nhà hát lớn Hải Phòng
Di tích Bạch Đằng Giang	0	Di tích lịch sử	Quần thể di tích lịch sử - văn hóa - tâm linh ghi dấu 3 trận thủy chiến lừng lẫy trên sông Bạch Đằng.	6:00	18:00	0904109030	4.6	3406	89	di_tich_bach_dang_giang.png			Trần Hưng Đạo	Gia Đức	Thủy Nguyên	Hải Phòng	20.9663963218614,106.759477524609	Khu di tích Bạch Đằng Giang
Ga Hải Phòng	0	Di tích lịch sử	Nhà ga xe lửa đẹp nhất Việt Nam với kiến trúc thuộc địa Pháp cổ kính, điểm check-in "Food tour" nổi tiếng.				4.4	439	68	ga_hai_phong.png		75	Lương Khánh Thiện	Lương Khánh Thiện	Ngô Quyền	Hải Phòng	20.8562796945904,106.687750363231	Ga Hải Phòng
Chùa Keo Thái Bình	10.000 VNĐ	Di tích lịch sử	Ngôi chùa cổ kính với kiến trúc tháp chuông bằng gỗ độc đáo, là Di tích quốc gia đặc biệt.	Mở cửa cả ngày	Mở cửa cả ngày		4.6	3377	60	chua_keo_thai_binh.png				Duy Nhất	Vũ Thư	Thái Bình	20.3610867848548,106.298292841286	Keo Pagoda
Khu Du Lịch Biển Đồng Châu	0	Danh lam thắng cảnh	Bãi biển nổi tiếng với những cánh đồng ngao trải dài vô tận, đẹp nhất lúc bình minh.	6:00	18:00		4.1	1168	60	bien_dong_chau.png			Đồng Châu	Đông Minh	Tiền Hải	Thái Bình	20.3946716940625,106.585061951592	Đồng Châu Beach
Khu Du Lịch Biển Cồn Vành	0	Khu du lịch	Bãi biển hoang sơ với hệ sinh thái rừng ngập mặn phong phú (Phí dịch vụ tính riêng).	Mở cửa cả ngày	Mở cửa cả ngày		3.9	3791	81	bien_con_vanh.png				Nam Phú	Tiền Hải	Thái Bình	20.2737647833253,106.605531499479	Bãi biển Cồn Vành
Khu du lịch sinh thái biển Cồn Đen	60.000 VNĐ	Khu du lịch sinh thái	Khu du lịch sinh thái với rừng ngập mặn và cây cầu tre dài nhất Việt Nam xuyên rừng.			0869579298	3.7	1723	75	kdl_con_den.png				Thái Đô	Thái Thụy	Thái Bình	20.4875898026365,106.603388491546	Khu Du Lịch Biển Cồn Đen
Đền Trần Thái Bình	0	Di tích lịch sử	Khu di tích đền thờ và lăng mộ các vua Trần, nơi phát tích của vương triều Trần.	Mở cửa cả ngày	Mở cửa cả ngày	0772258907	4.7	660	35	den_tran_thai_binh.png			Tam Đường	Tiến Đức	Hưng Hà	Thái Bình	20.599116781432,106.147706489906	Đền Trần Thái Bình
Đền Tiên La	0	Văn hóa/Tâm linh	Đền thờ Bát Nạn Tướng Quân (nữ tướng của Hai Bà Trưng), kiến trúc "Tiền Nhất - Hậu Đinh".				4.7	137	65	den_tien_la.png				Đoan Hùng	Hưng Hà	Thái Bình	20.6249871357553,106.222767014823	Đền Tiên La
Đền Đồng Bằng	0	Văn hóa/Tâm linh	Đền thờ Vua Cha Bát Hải Động Đình, một trong những ngôi đền linh thiêng nhất Bắc Bộ.	5:00	18:00	0985162216	4.6	831	61	den_dong_bang.png				An Lễ	Quỳnh Phụ	Thái Bình	20.6260253635279,106.386546757151	Đền Đồng Bằng
Cổng Làng Vườn Bách Thuận	0	Làng nghề	Làng vườn cổ kính với những vườn cây cảnh, cây ăn quả trù phú ven sông Hồng.				5	3	64	lang_vuon_bach_thuan.png				Bách Thuận	Vũ Thư	Thái Bình	20.4324081998153,106.226912239954	Cổng Làng Vườn Bách Thuận
Nhà thờ Giáo xứ Bác Trạch	0	Tôn giáo	Một trong những nhà thờ lớn và lộng lẫy nhất Việt Nam với kiến trúc Gothic nguy nga.	Mở cửa cả ngày	Mở cửa cả ngày	0918742534	4.7	731	72	nha_tho_bac_trach.png				Vân Trường	Tiền Hải	Thái Bình	20.365590254924,106.477761230168	Bác Trạch Parish Church
Làng Nghề Chạm Bạc Đồng Xâm	0	Làng nghề	Làng nghề truyền thống nổi tiếng với kỹ thuật chạm khắc bạc tinh xảo và Đền Đồng Xâm.	9:00	17:00		4.6	55	88	lang_nghe_dong_xam.png			Đường làng Thượng Gia	Hồng Thái	Kiến Xương	Thái Bình	20.4591353980004,106.465242841807	Làng Nghề Chạm Bạc Đồng Xâm
Chùa Tam Chúc	200.000 VNĐ	Khu du lịch tâm linh	Ngôi chùa lớn nhất thế giới, nằm giữa lòng hồ Tam Chúc thơ mộng (Giá vé thuyền/xe điện).			2262216789	4.4	71	45	chua_tam_chuc.png				Tam Chúc	Kim Bảng	Hà Nam	20.5706778610093,105.814965201297	Bản đồ Chùa Tam Chúc
Chùa Địa Tạng Phi Lai	0	Văn hóa/Tâm linh	Ngôi chùa đẹp tựa chốn bồng lai, nổi tiếng với kiến trúc thanh tịnh và cảnh quan yên bình.				4.7	6016	86	chua_dia_tang_phi_lai.png				Liêm Sơn	Thanh Liêm	Hà Nam	20.4453707477649,105.952746024035	Bản đồ Địa Tạng Phi Lai Tự
Ngôi Nhà Bá Kiến	30.000 VNĐ	Di tích lịch sử	Ngôi nhà cổ hơn 100 năm tuổi, nguyên mẫu trong tác phẩm văn học "Chí Phèo" của Nam Cao.				4.4	390	77	ngoi_nha_ba_kien.png				Hoà Hậu	Lý Nhân	Hà Nam	20.4800201071507,106.157889958968	Bản đồ Nhà Bá Kiến
Chùa Bà Đanh	0	Di tích lịch sử	Ngôi chùa nổi tiếng với câu thành ngữ "Vắng như chùa Bà Đanh", nằm bên dòng sông Đáy.				4.6	14	81	chua_ba_danh.png				Tam Chúc	Kim Bảng	Hà Nam	20.5692804831263,105.852913830684	Bản đồ Chùa Bà Đanh
Cá Kho Làng Vũ Đại	0	Làng nghề	Làng nghề truyền thống nổi tiếng với món cá kho niêu đất trứ danh (Phí mua sản phẩm tính riêng).	Mở cửa cả ngày	Mở cửa cả ngày	988999525	4.5	66	75	ca_kho_lang_vu_dai.png			Thôn 2	Hoà Hậu	Lý Nhân	Hà Nam	20.4791064124306,106.149465409244	Bản đồ Làng Vũ Đại
Đền Trần Thương	0	Di tích lịch sử	Đền thờ Hưng Đạo Đại Vương Trần Quốc Tuấn, nơi diễn ra lễ phát lương đầu năm nổi tiếng.	7:00	20:00		4.6	394	87	den_tran_thuong.png			Nghĩa trang nhân dân thôn Trần Thương	Trần Hưng Đạo	Lý Nhân	Hà Nam	20.5762719215462,106.106579416639	Bản đồ Đền Trần Thương
Chùa Ông	0	Văn hóa/Tâm linh	Ngôi chùa cổ linh thiêng, điểm đến tâm linh của người dân địa phương.			983200515	4.4	100	72	chua_ong.png				Tượng Lĩnh	Kim Bảng	Hà Nam	20.6289838184977,105.821590580408	Bản đồ Bát Cảnh Sơn
Làng nghề Trống Đọi Tam	0	Làng nghề	Làng nghề làm trống nổi tiếng nhất Việt Nam với lịch sử hơn 1000 năm.				4.5	6	64	lang_nghe_trong_doi_tam.png				Hợp Lý	Lý Nhân	Hà Nam	20.6019362833091,105.985836565066	Bản đồ Làng Trống Đọi Tam
Chùa Bầu	0	Văn hóa/Tâm linh	Trung tâm Phật giáo lớn của tỉnh Hà Nam, ngôi chùa có kiến trúc hiện đại và bề thế.	8:00	18:00	913344764	4.5	195	96	chua_bau.png				Châu Cầu	Phủ Lý	Hà Nam	20.5378551099836,105.914947032533	Bản đồ Chùa Bầu
Kẽm Trống	0	Danh lam thắng cảnh	Thắng cảnh quốc gia với núi non trùng điệp, hang động kỳ thú bên dòng sông Đáy (Giáp ranh Ninh Bình).			988046005	3.8	36	68	kem_trong.png				Gia Thanh	Gia Viễn	Ninh Bình	20.3745414995907,105.916920924089	Bản đồ Kẽm Trống
Khu du lịch sinh thái Tràng An	250.000 VNĐ	Di sản thế giới	Quần thể danh thắng kép được UNESCO công nhận, nổi tiếng với hệ thống hang động và núi đá vôi (Giá vé thuyền).	7:00	17:00		4.6	14415	70	kdl_trang_an.png			Tràng An	Ninh Nhật	Hoa Lư	Ninh Bình	20.2528571449151,105.918644738076	Trang An
Tam Cốc - Bích Động	250.000 VNĐ	Danh lam thắng cảnh	"Nam thiên đệ nhị động", nổi tiếng với trải nghiệm đi thuyền trên sông Ngô Đồng qua 3 hang động (Vé + Đò).	7:30	17:00		4.5	15984	67	tam_coc_bich_dong.png				Ninh Hải	Hoa Lư	Ninh Bình	20.2164248600217,105.937756074958	Tam Coc - Bich Dong
Chùa Bái Đính	0	Khu du lịch tâm linh	Quần thể chùa lớn nhất Đông Nam Á với nhiều kỷ lục (Vé xe điện ~60k, Bảo tháp ~50k).	7:00	18:00	0913899135	4.9	21568	77	chua_bai_dinh.png			Xóm 6		Hoa Lư	Ninh Bình	20.2680598010127,105.855946678656	Bái Đính Pagoda
Hang Múa	100.000 VNĐ	Danh lam thắng cảnh	"Vạn Lý Trường Thành thu nhỏ", điểm check-in leo núi ngắm toàn cảnh Tam Cốc tuyệt đẹp.				4.6	556	65	hang_mua.png				Ninh Hải	Hoa Lư	Ninh Bình	20.2292694054728,105.933081890939	Hang Múa
Cố đô Hoa Lư	20.000 VNĐ	Di tích lịch sử	Kinh đô đầu tiên của nhà nước phong kiến tập quyền Việt Nam, nơi thờ vua Đinh và vua Lê.	7:00	17:00		4.2	10546	60	co_do_hoa_lu.png				Trường Yên	Hoa Lư	Ninh Bình	20.2844965424441,105.908789853418	Hoa Lu Ancient Capital
Động Am Tiên	20.000 VNĐ	Danh lam thắng cảnh	"Tuyệt Tình Cốc" của Ninh Bình, hồ nước xanh ngắt nằm lọt thỏm giữa vách núi đá dựng đứng.				4.4	110	69	dong_am_tien.png				Trường Yên	Hoa Lư	Ninh Bình	20.2837948127593,105.918094001834	Động Am Tiên
Đầm Vân Long	100.000 VNĐ	Khu bảo tồn	Khu bảo tồn thiên nhiên ngập nước lớn nhất vùng đồng bằng Bắc Bộ, nơi có voọc quần đùi trắng (Vé + Thuyền).	7:30	18:00		4.2	958	30	dam_van_long.png				Gia Vân	Gia Viễn	Ninh Bình	20.3663779302828,105.880793664508	Đầm Vân Long
Khu du lịch sinh thái Thung Nham	150.000 VNĐ	Khu du lịch sinh thái	Khu du lịch tổng hợp với vườn chim tự nhiên, hang động và vườn hoa (Vé trọn gói).			0912900887	4.2	6350	96	thung_nham.png			Thung Nham	Ninh Hải (Thôn Hải Nham)	Hoa Lư	Ninh Bình	20.2182119264162,105.89398740314	Thung Nham Ecotourism Zone - Ninh Binh
Nhà Thờ Đá Phát Diệm	0	Tôn giáo/Kiến trúc	Quần thể nhà thờ Công giáo độc đáo kết hợp giữa kiến trúc đình chùa phương Đông và Gothic phương Tây.			02293862058	4.7	4685	89	nha_tho_da_phat_diem.png		75	Phố Phát Diệm Đông	TT Phát Diệm	Kim Sơn	Ninh Bình	20.093191964975,106.080463266356	Phát Diệm Cathedral
Vườn Quốc gia Cúc Phương	60.000 VNĐ	Khu bảo tồn	Vườn quốc gia đầu tiên của Việt Nam, nổi tiếng với rừng nguyên sinh và mùa bướm (tháng 4-5).				4.5	4474	99	vqg_cuc_phuong.png					Nho Quan	Ninh Bình	20.3168786659479,105.608559263215	Cuc Phuong National Park
Đền Trần	0	Di tích lịch sử	Quần thể đền thờ các vua Trần và các tướng lĩnh tài ba, nổi tiếng với Lễ hội Khai ấn đầu năm.	24/24	24/25		4.7	1566	80	den_tran_nam_dinh.png			Trần Thừa	Lộc Vượng	TP Nam Định	Nam Định	20.4555977548962,106.168137728405	Bản đồ Đền Trần
Phủ Chính Phủ Dầy	0	Văn hóa/Tâm linh	Trung tâm của tín ngưỡng thờ Mẫu Tam Phủ, nơi thờ bà Chúa Liễu Hạnh (một trong Tứ bất tử).	24/24	24/25		4.6	1107	65	phu_chinh_phu_day.png			Xóm 2	Kim Thái	Vụ Bản	Nam Định	20.3610881867651,106.078190484102	Bản đồ Phủ Dầy
Vườn Quốc gia Xuân Thủy	40.000 VNĐ	Khu bảo tồn	Khu dự trữ sinh quyển thế giới, điểm ramsar quốc tế với hệ sinh thái rừng ngập mặn và chim di cư (Vé tham quan/tàu).	24/24	24/25	0987203375	4.3	924	65	vqg_xuan_thuy.png				Giao Thiện	Giao Thuỷ	Nam Định	20.2331321019779,106.570479653418	Bản đồ VQG Xuân Thủy
Nhà Thờ Đổ Nam Định	0	Địa điểm check-in	Tàn tích của một ngôi nhà thờ bên bờ biển Xương Điền, mang vẻ đẹp hoang sơ và độc đáo.	24/24	24/25	0984990208	4.5	2829	57	nha_tho_do.png			Tổ dân phố 13	Hải Lý	Hải Hậu	Nam Định	20.1299654284809,106.314631209241	Bản đồ Nhà thờ đổ
Vương Cung Thánh Đường Phú Nhai	0	Tôn giáo/Kiến trúc	Một trong những nhà thờ Công giáo lớn và đẹp nhất Việt Nam với kiến trúc Gothic tráng lệ.				4.7	1192	65	nha_tho_phu_nhai.png			Trà Lũ	Xuân Phương	Xuân Trường	Nam Định	20.3001664739616,106.363681082254	Bản đồ Nhà thờ Phú Nhai
Nhà Thờ Giáo Xứ Đền Thánh Hưng Nghĩa	0	Tôn giáo/Kiến trúc	Nhà thờ nguy nga tráng lệ được ví như "lâu đài Hogwarts" phiên bản Việt Nam.	24/24	24/25		4.7	735	95	nha_tho_hung_nghia.png				Hải Hưng	Hải Hậu	Nam Định	20.2106678794556,106.309552824583	Bản đồ Nhà thờ Hưng Nghĩa
Chùa Cổ Lễ	0	Di tích lịch sử	Ngôi chùa cổ nổi tiếng kết hợp kiến trúc Phật giáo và Gothic, gắn liền với các sư sãi cởi áo cà sa ra trận.				4.6	1247	82	chua_co_le.png				TT Cổ Lễ	Trực Ninh	Nam Định	20.3216444715849,106.264083630127	Bản đồ Chùa Cổ Lễ
Bãi tắm Thịnh Long	0	Danh lam thắng cảnh	Bãi biển trải dài, cát mịn, là điểm nghỉ mát phổ biến vào mùa hè.				3.9	268	90	bai_tam_thinh_long.png				TT Thịnh Long	Hải Hậu	Nam Định	20.028821988859,106.222422346303	Bản đồ Biển Thịnh Long
Cánh đồng Muối Bạch Long	0	Làng nghề	Cánh đồng muối lớn nhất miền Bắc, điểm check-in tuyệt đẹp vào lúc bình minh hoặc hoàng hôn.				4.5	32	83	canh_dong_muoi_bach_long.png				Bạch Long	Giao Thuỷ	Nam Định	20.2179152234969,106.41208295157	Bản đồ Cánh đồng muối
Chùa Tháp Phổ Minh	0	Di tích lịch sử	Ngôi chùa lưu giữ tháp Phổ Minh 14 tầng từ thời Trần, biểu tượng lịch sử của Nam Định.	24/24	24/25		4.6	409	67	chua_thap_pho_minh.png			Trần Thừa	Lộc Vượng	TP Nam Định	Nam Định	20.4543275763744,106.163689539924	Bản đồ Chùa Phổ Minh
Đền Thõng	0	Văn hóa/Tâm linh	Cửa ngõ dẫn vào khu danh thắng Tây Thiên, nơi có cây đa chín cội linh thiêng.				4.5	169	78	den_thong.png				Đại Đình	Tam Đảo	Vĩnh Phúc	21.4662173616753,105.580330716011	Đền Thõng
Hồ Đại Lải	0	Khu du lịch	Hồ nước nhân tạo rộng lớn, không khí trong lành, thích hợp nghỉ dưỡng và du thuyền.				4.6	75	90	ho_dai_lai.png			Hồ Đại Lải	Ngọc Thanh	Phúc Yên	Vĩnh Phúc	21.3191267933497,105.715057533209	Hồ Đại Lải
Thiền viện Trúc lâm Tây Thiên	0	Văn hóa/Tâm linh	Một trong 3 thiền viện lớn nhất Việt Nam, tọa lạc trên sườn núi Tam Đảo hùng vĩ.	3:00	22:00		4.5	2788	87	thien_vien_truc_lam_tay_thien.png			Khu danh thắng Tây Thiên	Đại Đình	Tam Đảo	Vĩnh Phúc	21.465218885622,105.576844423424	Thiền viện Trúc lâm Tây Thiên
Vườn quốc gia Tam Đảo	60.000 VNĐ	Khu bảo tồn	Khu rừng nguyên sinh đa dạng sinh học, khí hậu mát mẻ quanh năm, điểm trekking lý tưởng.	8:00	16:30	973773823	4.5	949	84	vuon_quoc_gia_tam_dao.png			Km 13	Hồ Sơn	Tam Đảo	Vĩnh Phúc	21.4187238423051,105.624037448554	Tam Dao National Park
Hồ Xạ Hương	0	Danh lam thắng cảnh	Hồ nước trong xanh nằm ẩn mình giữa núi rừng Tam Đảo, hoang sơ và yên bình.				4.4	99	42	ho_xa_huong.png				Minh Quang	Tam Đảo	Vĩnh Phúc	21.4063274464667,105.645612035909	Hồ Xạ Hương
Tháp Bình Sơn	0	Di tích lịch sử	Tháp đất nung đời Trần cao nhất còn lại ở Việt Nam, kiệt tác kiến trúc Phật giáo.				4.7	64	65	thap_binh_son.png				Tam Sơn	Sông Lô	Vĩnh Phúc	21.4198517680963,105.40755305782	Tháp Bình Sơn
Gốm Thanh Nhạn Hương Canh	0	Làng nghề	Cơ sở sản xuất gốm sành Hương Canh nổi tiếng, nơi lưu giữ hồn cốt làng nghề cổ.	6:00	21:00	914262635	4.1	80	78	gom_huong_canh.png			Tổ dân phố Lò Cang	Hương Canh	Bình Xuyên	Vĩnh Phúc	21.2738991616201,105.648169231356	Huong Canh Pottery
Đầm Vạc	0	Danh lam thắng cảnh	Hồ nước tự nhiên rộng lớn giữa lòng thành phố Vĩnh Yên, được ví như "hồ Tây" của Vĩnh Phúc.				4.3	167	69	dam_vac.png					TP Vĩnh Yên	Vĩnh Phúc	21.2979716,105.601352520422	Vac Lake
Chùa Hà Tiên	0	Văn hóa/Tâm linh	Ngôi đại danh lam cổ kính, trung tâm Phật giáo lớn và đẹp bậc nhất tỉnh Vĩnh Phúc.			2113606747	4.6	864	74	chua_ha_tien.png			Trần Phú	Định Trung	Vĩnh Yên	Vĩnh Phúc	21.326730000529,105.599009419718	Hà Tiên Pagoda
Khu Di Tích Đền Hùng	0	Di tích lịch sử	Quần thể di tích lịch sử quốc gia đặc biệt, nơi thờ phụng các Vua Hùng - tổ tiên của dân tộc Việt Nam.				4.6	171	78	khu_di_tich_den_hung.png			Núi Nghĩa Lĩnh	Hy Cương	TP Việt Trì	Phú Thọ	21.3677724400059,105.326126252218	Khu Di Tích Đền Hùng
Đồi Chè Long Cốc	0	Danh lam thắng cảnh	Được ví như "Vịnh Hạ Long vùng trung du", nổi tiếng với những đồi chè bát úp xanh ngát trong sương sớm.			0337405013	4.7	501	74	doi_che_long_coc.png			Xóm Bông 1	Long Cốc	Tân Sơn	Phú Thọ	21.1326619059492,105.062199309889	Long Coc Tea Hill
Vườn Quốc gia Xuân Sơn	40.000 VNĐ	Khu bảo tồn	Vườn quốc gia duy nhất có rừng nguyên sinh trên núi đá vôi, đa dạng sinh học và nhiều hang động đẹp.			02103609116	4.3	2218	65	vuon_quoc_gia_xuan_son.png				Xuân Sơn	Tân Sơn	Phú Thọ	21.1245195296423,104.974492682348	Xuan Son National Park
Đầm Ao Châu	0	Danh lam thắng cảnh	Đầm nước rộng lớn với hình dáng độc đáo giống đầu trâu, được ví như "Hạ Long trên cạn" của Phú Thọ.	24/24	24/24		4.1	266	76	dam_ao_chau.png				TT. Hạ Hoà	Hạ Hòa	Phú Thọ	21.5678748086686,105.013581825231	Đầm Ao Châu
LynnTimes Thanh Thủy	500.000 VNĐ	Khu nghỉ dưỡng	Tổ hợp nghỉ dưỡng khoáng nóng 5 sao, công viên khoáng nóng Ohayo Onsen & Spa (Giá vé công viên khoáng).			0976317775	4.3	1821	42	lynntimes_thanh_thuy.png				Bảo Yên	Thanh Thủy	Phú Thọ	21.1545011254334,105.28311652708	LynnTimes Thanh Thủy
Đền Quốc Mẫu Âu Cơ	0	Văn hóa/Tâm linh	Ngôi đền linh thiêng thờ Mẹ Âu Cơ, gắn liền với truyền thuyết "Con Rồng cháu Tiên".	8:00	18:00		4.6	367	62	den_quoc_mau_au_co.png				Hiền Lương	Hạ Hòa	Phú Thọ	21.6041671643448,104.915834286599	Đền Quốc Mẫu Âu Cơ
Đền Quốc Tổ Lạc Long Quân	0	Văn hóa/Tâm linh	Đền thờ Đức Quốc Tổ Lạc Long Quân, nằm trong quần thể Khu di tích lịch sử Đền Hùng.	24/24	24/24		4.6	117	82	den_lac_long_quan.png			Khu di tích Đền Hùng	Chu Hoá	TP Việt Trì	Phú Thọ	21.3604161062876,105.329887219686	Lac Long Quan Temple
Đình Hùng Lô	0	Di tích lịch sử	Ngôi đình cổ hơn 300 năm tuổi, tiêu biểu cho kiến trúc đình làng Bắc Bộ và tín ngưỡng thờ Hùng Vương.	24/24	24/24		4.8	81	75	dinh_hung_lo.png			Làng cổ Hùng Lô	Hùng Lô	TP Việt Trì	Phú Thọ	21.3725106057692,105.386333089002	Lac Long Quan Temple
Ao Giời - Suối Tiên	20.000 VNĐ	Danh lam thắng cảnh	Điểm du lịch sinh thái với hệ thống nhiều thác nước lớn nhỏ chảy từ trên núi Nả xuống.				4.3	176	84	ao_gioi_suoi_tien.png				Hiền Lương	Hạ Hòa	Phú Thọ	21.5458390143609,104.895985809889	Ao Giời - Suối Tiên
Thác Mơ	30.000 VNĐ	Danh lam thắng cảnh	Thác nước hoang sơ, trong lành nằm trong khu bảo tồn thiên nhiên, thích hợp dã ngoại.				4.4	54	68	thac_mo_phu_tho.png				Cự Đồng	Thanh Sơn	Phú Thọ	21.0997722476516,105.208343358318	Thác Mơ
Nhà Máy Thuỷ Điện Hoà Bình	50.000 VNĐ	Công trình	Công trình thủy điện lớn bậc nhất Đông Nam Á, biểu tượng công nghiệp hóa, có tượng đài Bác Hồ cao 18m.	24/24	24/24	02183852043	4.6	491	77	thuy_dien_hoa_binh.png				Tân Thịnh	TP Hòa Bình	Hòa Bình	20.8137360441788,105.324990604364	Hoa Binh Hydropower Plant
Đèo Thung Khe	0	Danh lam thắng cảnh	Còn gọi là Đèo Đá Trắng, nổi tiếng với cảnh quan núi đá vôi trắng xóa như tuyết phủ quanh năm.				4.5	264	74	deo_thung_khe.png				Phú Cường	Tân Lạc	Hòa Bình	20.6661905209501,105.139900462429	Đèo Thung Khe
Khu Du Lịch Suối Khoáng Kim Bôi	90.000 VNĐ	Khu du lịch sinh thái	Khu nghỉ dưỡng nổi tiếng với nguồn nước khoáng nóng tự nhiên tốt cho sức khỏe (Giá vé tắm bể bơi).	6:00	18:00	0978775489	3.9	1559	82	suoi_khoang_kim_boi.png			Mớ Đá	Hạ Bì	Kim Bôi	Hòa Bình	20.6947777560137,105.509398575528	Khu Du Lịch Suối Khoáng Kim Bôi
Đền Chúa Thác Bờ	0	Văn hóa/Tâm linh	Ngôi đền linh thiêng nằm giữa lòng hồ sông Đà, thờ Bà Chúa Thác Bờ cai quản miền sông nước.	6:00	21:00	0969722681	4.5	944	62	den_chua_thac_bo.png			Xóm Săng Bờ	Vầy Nưa	Đà Bắc	Hòa Bình	20.7683472437876,105.176276806216	Đền Chúa Thác Bờ
Bảo tàng Không gian Văn hóa Mường	50.000 VNĐ	Bảo tàng	Bảo tàng tư nhân độc đáo tái hiện trọn vẹn không gian sống, phong tục và văn hóa của người Mường.			0979866958	4.1	340	63	bao_tang_van_hoa_muong.png		202	Tây Tiến	Thái Bình	TP Hòa Bình	Hòa Bình	20.7791103056954,105.310836721559	Bảo tàng Không gian Văn hóa Mường
Thác Gò Lào	0	Danh lam thắng cảnh	Thác nước hoang sơ, hùng vĩ nằm ẩn mình trong rừng tre, điểm check-in đẹp gần Mai Châu.	24/24	24/24		4.3	1260	79	thac_go_lao.png				Ba Khan	Mai Châu	Hòa Bình	20.7418971360527,105.055394787168	Gò Lào Waterfall
Thác Tú Sơn	100.000 VNĐ	Khu du lịch sinh thái	Khu du lịch sinh thái với hệ thống 9 ngọn thác, hồ bơi và khí hậu mát mẻ (Vé vào cổng).				3.6	310	70	thac_tu_son.png				Tú Sơn	Kim Bôi	Hòa Bình	20.7101467179106,105.418652025263	Thác Tú Sơn